INSERT INTO user (
    user_id, user_name, email_id, phone_number, first_name, last_name, created_at, updated_at,
    gender, date_of_birth, profile_image, bio, is_verified, is_active, is_reported
)
VALUES
    ('19b11d4e-197d-448f-bde2-1e22efb124e8', 'user3', 'user3@email.com', '5557112233', 'Robert', 'Johnson', CURRENT_TIMESTAMP, CURRENT_TIMESTAMP, 'Male', '1988-08-20', 'profile3.jpg', 'Bio 3', true, true, false),
    ('ac6912c4-af83-48eb-844b-939548bff5fb', 'user4', 'user4@email.com', '1112223333', 'Alice', 'Williams', CURRENT_TIMESTAMP, CURRENT_TIMESTAMP, 'Female', '1995-02-10', 'profile4.jpg', 'Bio 4', true, true, false),
    ('5ffc3303-9c2b-4416-95be-be771b23b12e', 'user5', 'user5@email.com', '9998887777', 'Michael', 'Brown', CURRENT_TIMESTAMP, CURRENT_TIMESTAMP, 'Male', '1992-04-25', 'profile5.jpg', 'Bio 5', true, true, false),
    ('96e5b7c1-6859-4539-86a7-8515a3a12e24', 'user6', 'user6@email.com', '3334445555', 'Emily', 'Jones', CURRENT_TIMESTAMP, CURRENT_TIMESTAMP, 'Female', '1998-07-15', 'profile6.jpg', 'Bio 6', true, true, false),
    ('79ca473d-0707-4017-ba2e-e3ee3052d8c2', 'user7', 'user7@email.com', '7776665555', 'David', 'Miller', CURRENT_TIMESTAMP, CURRENT_TIMESTAMP, 'Male', '1987-11-30', 'profile7.jpg', 'Bio 7', true, true, false),
    ('af228b39-ef71-46b1-ac92-970d2851f38e', 'user8', 'user8@email.com', '4443352222', 'Sophia', 'Anderson', CURRENT_TIMESTAMP, CURRENT_TIMESTAMP, 'Female', '1993-10-05', 'profile8.jpg', 'Bio 8', true, true, false),
    ('af07c119-fab4-4203-9915-c665ab7ab314', 'user9', 'user9@email.com', '6667778883', 'Matthew', 'Taylor', CURRENT_TIMESTAMP, CURRENT_TIMESTAMP, 'Male', '1986-03-18', 'profile9.jpg', 'Bio 9', true, true, false),
    ('56c7fad7-f9f8-4665-a05c-55e77a51f8cf', 'user10', 'user10@email.com', '1221113333', 'Olivia', 'Moore', CURRENT_TIMESTAMP, CURRENT_TIMESTAMP, 'Female', '1994-06-22', 'profile10.jpg', 'Bio 10', true, true, false),
    ('1bf8a166-1fea-4e5a-bc4d-b15ceed934af', 'user11', 'user11@email.com', '8889990000', 'Daniel', 'Clark', CURRENT_TIMESTAMP, CURRENT_TIMESTAMP, 'Male', '1991-09-12', 'profile11.jpg', 'Bio 11', true, true, false),
    ('000c6480-ff09-489f-88e5-d9a8004e68ce', 'user12', 'user12@email.com', '7770001111', 'Emma', 'Lewis', CURRENT_TIMESTAMP, CURRENT_TIMESTAMP, 'Female', '1989-12-28', 'profile12.jpg', 'Bio 12', true, true, false),
    ('9635c688-155c-4b2e-b8b7-41da5631d478', 'user13', 'user13@email.com', '1112223343', 'Christopher', 'Hill', CURRENT_TIMESTAMP, CURRENT_TIMESTAMP, 'Male', '1997-02-05', 'profile13.jpg', 'Bio 13', true, true, false),
    ('6e6c6704-02d1-4318-b769-c03c60ed365a', 'user14', 'user14@email.com', '9998887677', 'Ava', 'Baker', CURRENT_TIMESTAMP, CURRENT_TIMESTAMP, 'Female', '1990-04-15', 'profile14.jpg', 'Bio 14', true, true, false),
    ('fd256fd0-dcbe-401a-926c-1151785644f8', 'user15', 'user15@email.com', '5554446768', 'James', 'Cooper', CURRENT_TIMESTAMP, CURRENT_TIMESTAMP, 'Male', '1985-07-30', 'profile15.jpg', 'Bio 15', true, true, false),
    ('ac96daf4-c563-4708-9796-9d62cd73ed0a', 'user16', 'user16@email.com', '1112225333', 'Sophie', 'Harrison', CURRENT_TIMESTAMP, CURRENT_TIMESTAMP, 'Female', '1992-10-25', 'profile16.jpg', 'Bio 16', true, true, false),
    ('d1bc82b2-1ce9-4c00-971c-4ba6d12637bf', 'user17', 'user17@email.com', '7776665455', 'Ryan', 'Evans', CURRENT_TIMESTAMP, CURRENT_TIMESTAMP, 'Male', '1988-01-20', 'profile17.jpg', 'Bio 17', true, true, false),
    ('50b6c348-f418-4d1d-b164-3ab52f2529e4', 'user18', 'user18@email.com', '4443382222', 'Mia', 'Turner', CURRENT_TIMESTAMP, CURRENT_TIMESTAMP, 'Female', '1995-04-12', 'profile18.jpg', 'Bio 18', true, true, false),
    ('3e72901c-1a4c-410a-8f82-3970c530c9df', 'user19', 'user19@email.com', '6667778988', 'Nathan', 'Perez', CURRENT_TIMESTAMP, CURRENT_TIMESTAMP, 'Male', '1986-07-05', 'profile19.jpg', 'Bio 19', true, true, false),
    ('cd47ab00-99f7-4a46-bb4a-a1af261fd688', 'user20', 'user20@email.com', '2221143333', 'Ella', 'Ward', CURRENT_TIMESTAMP, CURRENT_TIMESTAMP, 'Female', '1993-09-30', 'profile20.jpg', 'Bio 20', true, true, false),
    ('d512d5e2-6458-4090-81ee-ab92d87d10ec', 'user21', 'user21@email.com', '8879990000', 'Logan', 'Barnes', CURRENT_TIMESTAMP, CURRENT_TIMESTAMP, 'Male', '1991-12-22', 'profile21.jpg', 'Bio 21', true, true, false),
    ('81436de9-3398-4696-a11b-ab89571e590a', 'user22', 'user22@email.com', '7770001511', 'Grace', 'Fisher', CURRENT_TIMESTAMP, CURRENT_TIMESTAMP, 'Female', '1989-03-17', 'profile22.jpg', 'Bio 22', true, true, false),
    ('10e876f4-b857-4135-af9a-9ce8f7b64be2', 'user23', 'user23@email.com', '5553446666', 'Jackson', 'Russell', CURRENT_TIMESTAMP, CURRENT_TIMESTAMP, 'Male', '1987-06-10', 'profile23.jpg', 'Bio 23', true, true, false),
    ('21a8bd86-7561-4a8c-99be-6e094450f24c', 'user24', 'user24@email.com', '9998897777', 'Aria', 'Price', CURRENT_TIMESTAMP, CURRENT_TIMESTAMP, 'Female', '1994-09-02', 'profile24.jpg', 'Bio 24', true, true, false),
    ('8f2de297-3812-4846-92a9-c00547784bfa', 'user25', 'user25@email.com', '1112227333', 'Ethan', 'Barker', CURRENT_TIMESTAMP, CURRENT_TIMESTAMP, 'Male', '1997-01-15', 'profile25.jpg', 'Bio 25', true, true, false),
    ('14dc8c7a-685b-4fe0-81d6-231b1d537759', 'user26', 'user26@email.com', '7876665555', 'Lily', 'Garcia', CURRENT_TIMESTAMP, CURRENT_TIMESTAMP, 'Female', '1990-04-28', 'profile26.jpg', 'Bio 26', true, true, false),
    ('fd3bdc0d-e464-440c-8e79-c8c3add9a18c', 'user27', 'user27@email.com', '4441332222', 'Caleb', 'Hayes', CURRENT_TIMESTAMP, CURRENT_TIMESTAMP, 'Male', '1985-07-13', 'profile27.jpg', 'Bio 27', true, true, false),
    ('510b5879-6e81-45cd-8be3-d74b47a612b9', 'user28', 'user28@email.com', '6567778888', 'Hannah', 'Knight', CURRENT_TIMESTAMP, CURRENT_TIMESTAMP, 'Female', '1992-10-06', 'profile28.jpg', 'Bio 28', true, true, false),
    ('25c84c1c-025b-4163-bff5-13cd1a6be2cb', 'user29', 'user29@email.com', '8889990050', 'Lucas', 'Palmer', CURRENT_TIMESTAMP, CURRENT_TIMESTAMP, 'Male', '1986-12-21', 'profile29.jpg', 'Bio 29', true, true, false),
    ('fc4afe62-02a7-4b1d-b900-f43e31a79a71', 'user30', 'user30@email.com', '5551112233', 'Avery', 'Watson', CURRENT_TIMESTAMP, CURRENT_TIMESTAMP, 'Female', '1994-03-14', 'profile30.jpg', 'Bio 30', true, true, false);

INSERT INTO user (user_id, user_name, email_id, phone_number, first_name, last_name, created_at, updated_at, gender, date_of_birth, profile_image, bio, is_verified, is_active, is_reported)
VALUES ('7454c97a-dd6a-41ae-bfde-6abea2e06e60', 'user1', 'user1@email.com', '1234567890', 'John', 'Doe', CURRENT_TIMESTAMP, CURRENT_TIMESTAMP, 'Male', '1990-01-01', 'profile1.jpg', 'Bio 1', true, true, false);

INSERT INTO user (user_id, user_name, email_id, phone_number, first_name, last_name, created_at, updated_at, gender, date_of_birth, profile_image, bio, is_verified, is_active, is_reported)
VALUES ('f4d09f5f-baa5-4ba0-8991-75912de1847e', 'user2', 'user2@email.com', '9876543210', 'Jane', 'Smith', CURRENT_TIMESTAMP, CURRENT_TIMESTAMP, 'Female', '1985-05-15', 'profile2.jpg', 'Bio 2', true, true, false);


INSERT INTO user_auth (user_id, user_name, email_id, profile_password, ip_address, login_time)
VALUES 
  ('7454c97a-dd6a-41ae-bfde-6abea2e06e60', 'User1', 'user1@example.com', 'password1', '192.168.1.1', CURRENT_TIMESTAMP),
  ('f4d09f5f-baa5-4ba0-8991-75912de1847e', 'User2', 'user2@example.com', 'password2', '192.168.1.2', CURRENT_TIMESTAMP),
  ('19b11d4e-197d-448f-bde2-1e22efb124e8', 'User3', 'user3@example.com', 'password3', '192.168.1.3', CURRENT_TIMESTAMP),
  ('ac6912c4-af83-48eb-844b-939548bff5fb', 'User4', 'user4@example.com', 'password4', '192.168.1.4', CURRENT_TIMESTAMP),
  ('5ffc3303-9c2b-4416-95be-be771b23b12e', 'User5', 'user5@example.com', 'password5', '192.168.1.5', CURRENT_TIMESTAMP),
  ('96e5b7c1-6859-4539-86a7-8515a3a12e24', 'User6', 'user6@example.com', 'password6', '192.168.1.6', CURRENT_TIMESTAMP),
  ('79ca473d-0707-4017-ba2e-e3ee3052d8c2', 'User7', 'user7@example.com', 'password7', '192.168.1.7', CURRENT_TIMESTAMP),
  ('af228b39-ef71-46b1-ac92-970d2851f38e', 'User8', 'user8@example.com', 'password8', '192.168.1.8', CURRENT_TIMESTAMP),
  ('af07c119-fab4-4203-9915-c665ab7ab314', 'User9', 'user9@example.com', 'password9', '192.168.1.9', CURRENT_TIMESTAMP),
  ('56c7fad7-f9f8-4665-a05c-55e77a51f8cf', 'User10', 'user10@example.com', 'password10', '192.168.1.10', CURRENT_TIMESTAMP),
  ('1bf8a166-1fea-4e5a-bc4d-b15ceed934af', 'User11', 'user11@example.com', 'password11', '192.168.1.11', CURRENT_TIMESTAMP),
  ('000c6480-ff09-489f-88e5-d9a8004e68ce', 'User12', 'user12@example.com', 'password12', '192.168.1.12', CURRENT_TIMESTAMP),
  ('9635c688-155c-4b2e-b8b7-41da5631d478', 'User13', 'user13@example.com', 'password13', '192.168.1.13', CURRENT_TIMESTAMP),
  ('6e6c6704-02d1-4318-b769-c03c60ed365a', 'User14', 'user14@example.com', 'password14', '192.168.1.14', CURRENT_TIMESTAMP),
  ('fd256fd0-dcbe-401a-926c-1151785644f8', 'User15', 'user15@example.com', 'password15', '192.168.1.15', CURRENT_TIMESTAMP),
  ('ac96daf4-c563-4708-9796-9d62cd73ed0a', 'User16', 'user16@example.com', 'password16', '192.168.1.16', CURRENT_TIMESTAMP),
  ('d1bc82b2-1ce9-4c00-971c-4ba6d12637bf', 'User17', 'user17@example.com', 'password17', '192.168.1.17', CURRENT_TIMESTAMP),
  ('50b6c348-f418-4d1d-b164-3ab52f2529e4', 'User18', 'user18@example.com', 'password18', '192.168.1.18', CURRENT_TIMESTAMP),
  ('3e72901c-1a4c-410a-8f82-3970c530c9df', 'User19', 'user19@example.com', 'password19', '192.168.1.19', CURRENT_TIMESTAMP),
  ('cd47ab00-99f7-4a46-bb4a-a1af261fd688', 'User20', 'user20@example.com', 'password20', '192.168.1.20', CURRENT_TIMESTAMP);


INSERT INTO report (report_id, category, report_reason, created_at, reported_by, reported_profile)
VALUES
('1', 'Harassment', 'Offensive messages', CURRENT_TIMESTAMP, '7454c97a-dd6a-41ae-bfde-6abea2e06e60', 'f4d09f5f-baa5-4ba0-8991-75912de1847e'),
('2', 'Spam', 'Unwanted advertisements', CURRENT_TIMESTAMP, '19b11d4e-197d-448f-bde2-1e22efb124e8', 'ac6912c4-af83-48eb-844b-939548bff5fb'),
('3', 'Inappropriate Content', 'Inappropriate images', CURRENT_TIMESTAMP, '5ffc3303-9c2b-4416-95be-be771b23b12e', '96e5b7c1-6859-4539-86a7-8515a3a12e24'),
('4', 'Abuse/Bullying', 'Verbal abuse', CURRENT_TIMESTAMP, '79ca473d-0707-4017-ba2e-e3ee3052d8c2', 'af228b39-ef71-46b1-ac92-970d2851f38e'),
('5', 'Threats', 'Threatening language', CURRENT_TIMESTAMP, 'af07c119-fab4-4203-9915-c665ab7ab314', '56c7fad7-f9f8-4665-a05c-55e77a51f8cf'),
('6', 'Impersonation', 'Fake account', CURRENT_TIMESTAMP, '1bf8a166-1fea-4e5a-bc4d-b15ceed934af', '000c6480-ff09-489f-88e5-d9a8004e68ce'),
('7', 'Harassment', 'Stalking behavior', CURRENT_TIMESTAMP, '9635c688-155c-4b2e-b8b7-41da5631d478', '6e6c6704-02d1-4318-b769-c03c60ed365a'),
('8', 'Spam', 'Spam comments', CURRENT_TIMESTAMP, 'fd256fd0-dcbe-401a-926c-1151785644f8', 'ac96daf4-c563-4708-9796-9d62cd73ed0a'),
('9', 'Inappropriate Content', 'Explicit content', CURRENT_TIMESTAMP, 'd1bc82b2-1ce9-4c00-971c-4ba6d12637bf', '50b6c348-f418-4d1d-b164-3ab52f2529e4'),
('10', 'Abuse/Bullying', 'Cyberbullying', CURRENT_TIMESTAMP, '3e72901c-1a4c-410a-8f82-3970c530c9df', 'cd47ab00-99f7-4a46-bb4a-a1af261fd688'),
('11', 'Threats', 'Serious threats', CURRENT_TIMESTAMP, 'd512d5e2-6458-4090-81ee-ab92d87d10ec', '81436de9-3398-4696-a11b-ab89571e590a'),
('12', 'Impersonation', 'Identity theft', CURRENT_TIMESTAMP, '10e876f4-b857-4135-af9a-9ce8f7b64be2', '21a8bd86-7561-4a8c-99be-6e094450f24c'),
('13', 'Harassment', 'Persistent harassment', CURRENT_TIMESTAMP, '8f2de297-3812-4846-92a9-c00547784bfa', '14dc8c7a-685b-4fe0-81d6-231b1d537759'),
('14', 'Spam', 'Spam messages', CURRENT_TIMESTAMP, 'fd3bdc0d-e464-440c-8e79-c8c3add9a18c', '510b5879-6e81-45cd-8be3-d74b47a612b9'),
('15', 'Inappropriate Content', 'Violent content', CURRENT_TIMESTAMP, '25c84c1c-025b-4163-bff5-13cd1a6be2cb', 'fc4afe62-02a7-4b1d-b900-f43e31a79a71'),
('16', 'Abuse/Bullying', 'Insults and bullying', CURRENT_TIMESTAMP, '7454c97a-dd6a-41ae-bfde-6abea2e06e60', 'f4d09f5f-baa5-4ba0-8991-75912de1847e'),
('17', 'Threats', 'Physical threats', CURRENT_TIMESTAMP, '19b11d4e-197d-448f-bde2-1e22efb124e8', 'ac6912c4-af83-48eb-844b-939548bff5fb'),
('18', 'Impersonation', 'Fake profile', CURRENT_TIMESTAMP, '5ffc3303-9c2b-4416-95be-be771b23b12e', '96e5b7c1-6859-4539-86a7-8515a3a12e24'),
('19', 'Harassment', 'Online harassment', CURRENT_TIMESTAMP, '79ca473d-0707-4017-ba2e-e3ee3052d8c2', 'af228b39-ef71-46b1-ac92-970d2851f38e');


INSERT INTO messages (message_id, sender_id, receiver_id, message_type, message_content, created_at, attachment_url, location, ip_address)
VALUES
(1, '7454c97a-dd6a-41ae-bfde-6abea2e06e60', 'f4d09f5f-baa5-4ba0-8991-75912de1847e', 'Text', 'Hello, how are you?', CURRENT_TIMESTAMP, NULL, NULL, '192.168.0.1'),
(2, '19b11d4e-197d-448f-bde2-1e22efb124e8', 'ac6912c4-af83-48eb-844b-939548bff5fb', 'Image', 'image.jpg', CURRENT_TIMESTAMP, 'https://example.com/image.jpg', NULL, '192.168.0.2'),
(3, '5ffc3303-9c2b-4416-95be-be771b23b12e', '96e5b7c1-6859-4539-86a7-8515a3a12e24', 'Video', 'video.mp4', CURRENT_TIMESTAMP, 'https://example.com/video.mp4', NULL, '192.168.0.3'),
(4, '79ca473d-0707-4017-ba2e-e3ee3052d8c2', 'af228b39-ef71-46b1-ac92-970d2851f38e', 'Emoji', ':)', CURRENT_TIMESTAMP, NULL, NULL, '192.168.0.4'),
(5, 'af07c119-fab4-4203-9915-c665ab7ab314', '56c7fad7-f9f8-4665-a05c-55e77a51f8cf', 'Location', 'yo', CURRENT_TIMESTAMP, NULL, 'Latitude: 40.7128, Longitude: -74.0060', '192.168.0.5'),
(6, '1bf8a166-1fea-4e5a-bc4d-b15ceed934af', '000c6480-ff09-489f-88e5-d9a8004e68ce', 'File', 'document.pdf', CURRENT_TIMESTAMP, 'https://example.com/document.pdf', NULL, '192.168.0.6'),
(7, '9635c688-155c-4b2e-b8b7-41da5631d478', '6e6c6704-02d1-4318-b769-c03c60ed365a', 'GIF', 'animation.gif', CURRENT_TIMESTAMP, 'https://example.com/animation.gif', NULL, '192.168.0.7'),
(8, 'fd256fd0-dcbe-401a-926c-1151785644f8', 'ac96daf4-c563-4708-9796-9d62cd73ed0a', 'Audio', 'audio.mp3', CURRENT_TIMESTAMP, 'https://example.com/audio.mp3', NULL, '192.168.0.8'),
(9, 'd1bc82b2-1ce9-4c00-971c-4ba6d12637bf', '50b6c348-f418-4d1d-b164-3ab52f2529e4', 'Text', 'Good morning!', CURRENT_TIMESTAMP, NULL, NULL, '192.168.0.9'),
(10, '3e72901c-1a4c-410a-8f82-3970c530c9df', 'cd47ab00-99f7-4a46-bb4a-a1af261fd688', 'Image', 'image2.jpg', CURRENT_TIMESTAMP, 'https://example.com/image2.jpg', NULL, '192.168.0.10'),
(11, 'd512d5e2-6458-4090-81ee-ab92d87d10ec', '81436de9-3398-4696-a11b-ab89571e590a', 'Video', 'video2.mp4', CURRENT_TIMESTAMP, 'https://example.com/video2.mp4', NULL, '192.168.0.11'),
(12, '10e876f4-b857-4135-af9a-9ce8f7b64be2', '21a8bd86-7561-4a8c-99be-6e094450f24c', 'Emoji', ':D', CURRENT_TIMESTAMP, NULL, NULL, '192.168.0.12'),
(13, '8f2de297-3812-4846-92a9-c00547784bfa', '14dc8c7a-685b-4fe0-81d6-231b1d537759', 'Location', 'hey', CURRENT_TIMESTAMP, NULL, 'Latitude: 34.0522, Longitude: -118.2437', '192.168.0.13'),
(14, 'fd3bdc0d-e464-440c-8e79-c8c3add9a18c', '510b5879-6e81-45cd-8be3-d74b47a612b9', 'File', 'document2.pdf', CURRENT_TIMESTAMP, 'https://example.com/document2.pdf', NULL, '192.168.0.14'),
(15, '25c84c1c-025b-4163-bff5-13cd1a6be2cb', 'fc4afe62-02a7-4b1d-b900-f43e31a79a71', 'GIF', 'animation2.gif', CURRENT_TIMESTAMP, 'https://example.com/animation2.gif', NULL, '192.168.0.15'),
(16, '7454c97a-dd6a-41ae-bfde-6abea2e06e60', 'f4d09f5f-baa5-4ba0-8991-75912de1847e', 'Audio', 'audio2.mp3', CURRENT_TIMESTAMP, 'https://example.com/audio2.mp3', NULL, '192.168.0.16'),
(17, '19b11d4e-197d-448f-bde2-1e22efb124e8', 'ac6912c4-af83-48eb-844b-939548bff5fb', 'Text', 'How was your day?', CURRENT_TIMESTAMP, NULL, NULL, '192.168.0.17'),
(18, '5ffc3303-9c2b-4416-95be-be771b23b12e', '96e5b7c1-6859-4539-86a7-8515a3a12e24', 'Image', 'image3.jpg', CURRENT_TIMESTAMP, 'https://example.com/image3.jpg', NULL, '192.168.0.18'),
(19, '79ca473d-0707-4017-ba2e-e3ee3052d8c2', 'af228b39-ef71-46b1-ac92-970d2851f38e', 'Video', 'video3.mp4', CURRENT_TIMESTAMP, 'https://example.com/video3.mp4', NULL, '192.168.0.19'),
(20, 'af07c119-fab4-4203-9915-c665ab7ab314', '56c7fad7-f9f8-4665-a05c-55e77a51f8cf', 'Emoji', ':)', CURRENT_TIMESTAMP, NULL, NULL, '192.168.0.20'),
(21, '1bf8a166-1fea-4e5a-bc4d-b15ceed934af', '000c6480-ff09-489f-88e5-d9a8004e68ce', 'Location', 'what?', CURRENT_TIMESTAMP, NULL, 'Latitude: 40.7128, Longitude: -74.0060', '192.168.0.21'),
(22, '9635c688-155c-4b2e-b8b7-41da5631d478', '6e6c6704-02d1-4318-b769-c03c60ed365a', 'File', 'document3.pdf', CURRENT_TIMESTAMP, 'https://example.com/document3.pdf', NULL, '192.168.0.22'),
(23, 'fd256fd0-dcbe-401a-926c-1151785644f8', 'ac96daf4-c563-4708-9796-9d62cd73ed0a', 'GIF', 'animation3.gif', CURRENT_TIMESTAMP, 'https://example.com/animation3.gif', NULL, '192.168.0.23'),
(24, 'ac96daf4-c563-4708-9796-9d62cd73ed0a', 'd1bc82b2-1ce9-4c00-971c-4ba6d12637bf', 'Audio', 'audio3.mp3', CURRENT_TIMESTAMP, 'https://example.com/audio3.mp3', NULL, '192.168.0.24'),
(25, '50b6c348-f418-4d1d-b164-3ab52f2529e4', '3e72901c-1a4c-410a-8f82-3970c530c9df', 'Text', 'Good night!', CURRENT_TIMESTAMP, NULL, NULL, '192.168.0.25'),
(26, 'cd47ab00-99f7-4a46-bb4a-a1af261fd688', 'd512d5e2-6458-4090-81ee-ab92d87d10ec', 'Image', 'image4.jpg', CURRENT_TIMESTAMP, 'https://example.com/image4.jpg', NULL, '192.168.0.26'),
(27, '81436de9-3398-4696-a11b-ab89571e590a', '10e876f4-b857-4135-af9a-9ce8f7b64be2', 'Video', 'video4.mp4', CURRENT_TIMESTAMP, 'https://example.com/video4.mp4', NULL, '192.168.0.27'),
(28, '21a8bd86-7561-4a8c-99be-6e094450f24c', '8f2de297-3812-4846-92a9-c00547784bfa', 'Emoji', ':)', CURRENT_TIMESTAMP, NULL, NULL, '192.168.0.28');


INSERT INTO posts (post_id, post_content, created_at, author, caption, location)
VALUES
('1a38d0db-b551-43ac-bc57-187c06c03af1', 'Beautiful sunset!', CURRENT_TIMESTAMP, '7454c97a-dd6a-41ae-bfde-6abea2e06e60', 'Nature at its finest', 'Beach'),
('2d3f5223-34b0-4318-927e-9c4e18a161d8', 'Coding late into the night', CURRENT_TIMESTAMP, 'f4d09f5f-baa5-4ba0-8991-75912de1847e', 'Late night coding session', 'Home'),
('3f9f45e7-07b2-4db0-83e3-d8f861ba1079', 'Delicious homemade dinner', CURRENT_TIMESTAMP, '19b11d4e-197d-448f-bde2-1e22efb124e8', 'Cooking experiments', 'Kitchen'),
('4a9a2f55-bab1-4c50-aa8e-1d03aebbd38a', 'Exploring the city streets', CURRENT_TIMESTAMP, 'ac6912c4-af83-48eb-844b-939548bff5fb', 'City lights', 'Downtown'),
('5c153b6f-179c-4a7e-b8d8-c161f41a2a15', 'Weekend getaway in the mountains', CURRENT_TIMESTAMP, '5ffc3303-9c2b-4416-95be-be771b23b12e', 'Breath-taking views', 'Mountain Top'),
('6d1b5c6e-531f-4a7a-8b02-d0ebca407b5f', 'Enjoying a good book', CURRENT_TIMESTAMP, '96e5b7c1-6859-4539-86a7-8515a3a12e24', 'Lost in the world of words', 'Home Library'),
('7e242059-862d-4ac1-a695-94f68543f7e5', 'Sunny day at the park', CURRENT_TIMESTAMP, '79ca473d-0707-4017-ba2e-e3ee3052d8c2', 'Picnic in the park', 'City Park'),
('8f8ac88c-00c4-4b2b-bae5-08dbfa887623', 'Artistic expression on canvas', CURRENT_TIMESTAMP, 'af228b39-ef71-46b1-ac92-970d2851f38e', 'Creativity unleashed', 'Art Studio'),
('9f15d53e-46ab-45a1-89cc-4cc23ff6eb11', 'Morning coffee vibes', CURRENT_TIMESTAMP, 'af07c119-fab4-4203-9915-c665ab7ab314', 'Starting the day right', 'Coffee Shop'),
('10ef0d22-073f-457e-bd24-78e431a694ea', 'Hiking through the wilderness', CURRENT_TIMESTAMP, '56c7fad7-f9f8-4665-a05c-55e77a51f8cf', 'Into the wild', 'Forest'),
('11feba06-21a5-4bc5-ae5b-8a16e2bda9ea', 'Beach day with friends', CURRENT_TIMESTAMP, '1bf8a166-1fea-4e5a-bc4d-b15ceed934af', 'Sun, sand, and sea', 'Beach'),
('12f8a8dd-370a-4a41-bf3a-c3e4f30d2ab5', 'Music festival vibes', CURRENT_TIMESTAMP, '000c6480-ff09-489f-88e5-d9a8004e68ce', 'Dancing through the night', 'Festival Grounds'),
('13d6b46d-5cc3-4e98-8621-2e6b4da9ee95', 'Sunset from the rooftop', CURRENT_TIMESTAMP, '9635c688-155c-4b2e-b8b7-41da5631d478', 'City skyline', 'Rooftop Bar'),
('14d51a1b-303f-43e9-8b5d-5c7d488534a3', 'Cooking up a storm', CURRENT_TIMESTAMP, '6e6c6704-02d1-4318-b769-c03c60ed365a', 'Culinary delights', 'Kitchen'),
('15de4f3e-b0aa-4c1d-9b1e-4da40767ad66', 'Starry night camping', CURRENT_TIMESTAMP, 'fd256fd0-dcbe-401a-926c-1151785644f8', 'Under the open sky', 'Camping Site'),
('16e19b4a-5e71-477f-8d39-4c2d13c66f82', 'Creative coding session', CURRENT_TIMESTAMP, 'ac96daf4-c563-4708-9796-9d62cd73ed0a', 'In the world of algorithms', 'Home Office'),
('17b4fca0-f28e-4d80-b7c9-07ad81bfa1cf', 'Nature walk in the park', CURRENT_TIMESTAMP, 'd1bc82b2-1ce9-4c00-971c-4ba6d12637bf', 'Connecting with nature', 'City Park'),
('18f7e17d-7cc9-47af-bc58-1b2ce8b8e07d', 'Homemade pizza night', CURRENT_TIMESTAMP, '50b6c348-f418-4d1d-b164-3ab52f2529e4', 'Pizza and movie marathon', 'Home'),
('19b11c14-d729-4eae-bf8b-862d3e28d38a', 'Adventures in the desert', CURRENT_TIMESTAMP, '3e72901c-1a4c-410a-8f82-3970c530c9df', 'Sands and dunes', 'Desert'),
('20f1ee7b-e0f0-4c22-bd2e-d0ee4cfe5a65', 'Cozy winter fireplace', CURRENT_TIMESTAMP, 'cd47ab00-99f7-4a46-bb4a-a1af261fd688', 'Winter warmth', 'Cabin'),
('21fb41fe-2169-4a1f-bc24-bb2ff56ce979', 'Artistic graffiti exploration', CURRENT_TIMESTAMP, 'd512d5e2-6458-4090-81ee-ab92d87d10ec', 'Colors of the street', 'City Streets'),
('22bae6b4-70a7-44bf-8e5e-98bfc5a68964', 'Morning yoga by the lake', CURRENT_TIMESTAMP, '81436de9-3398-4696-a11b-ab89571e590a', 'Peace and tranquility', 'Lake'),
('23bf0a17-14d2-46a0-8e58-68e4f51310e1', 'Sunset at the beach', CURRENT_TIMESTAMP, '10e876f4-b857-4135-af9a-9ce8f7b64be2', 'Serene moments', 'Beach'),
('24c8cbf0-06e5-4ac5-bc9a-fb1f3014c8a8', 'Summer road trip adventures', CURRENT_TIMESTAMP, '21a8bd86-7561-4a8c-99be-6e094450f24c', 'Open roads and good company', 'On the Road'),
('25ba8c58-7bd0-4db0-bdd5-9f81b2a725d6', 'Painting with a view', CURRENT_TIMESTAMP, '8f2de297-3812-4846-92a9-c00547784bfa', 'Canvas and creativity', 'Mountain View'),
('26fc6f23-9b83-475d-97f0-72a7f04b3083', 'Festive holiday decorations', CURRENT_TIMESTAMP, '14dc8c7a-685b-4fe0-81d6-231b1d537759', 'Celebrating the season', 'Home'),
('27d4f46a-55d7-4f54-a144-38c3eb4420e9', 'Chasing waterfalls', CURRENT_TIMESTAMP, 'fd3bdc0d-e464-440c-8e79-c8c3add9a18c', 'Natures wonders', 'Waterfall'),
('28a1d6bb-9872-4d2c-bca1-80a70c0a4f2a', 'Sunset sailing adventure', CURRENT_TIMESTAMP, '510b5879-6e81-45cd-8be3-d74b47a612b9', 'Sailing into the horizon', 'Ocean'),
('29d52fcf-7d64-4968-8e8c-727dc5251cb0', 'Coffee and conversations', CURRENT_TIMESTAMP, '25c84c1c-025b-4163-bff5-13cd1a6be2cb', 'Connecting over coffee', 'Coffee Shop'),
('30c74672-7b61-4a47-8360-68da05872b28', 'Snowy adventures', CURRENT_TIMESTAMP, 'fc4afe62-02a7-4b1d-b900-f43e31a79a71', 'Winter wonderland', 'Snowy Mountains');


INSERT INTO video (video_id, post_id, video_url, video_description, created_at)
VALUES
('1b35c550-0754-49d1-98b0-670f22f38361', '10ef0d22-073f-457e-bd24-78e431a694ea', 'https://example.com/video1.mp4', 'Hiking adventure', CURRENT_TIMESTAMP),
('2e2a0ba4-ccfd-46f5-a5c2-1b700eb1ce89', '11feba06-21a5-4bc5-ae5b-8a16e2bda9ea', 'https://example.com/video2.mp4', 'Beach fun with friends', CURRENT_TIMESTAMP),
('3f40c1e7-235e-4c41-8696-811a1d59066b', '12f8a8dd-370a-4a41-bf3a-c3e4f30d2ab5', 'https://example.com/video3.mp4', 'Music festival highlights', CURRENT_TIMESTAMP),
('4a55fcf5-1438-4a9c-a4de-205a3a3aaf87', '13d6b46d-5cc3-4e98-8621-2e6b4da9ee95', 'https://example.com/video4.mp4', 'Nature walk in the park', CURRENT_TIMESTAMP),
('5c58f37c-d8ac-4eef-9810-92d9e7fe6972', '14d51a1b-303f-43e9-8b5d-5c7d488534a3', 'https://example.com/video5.mp4', 'Creative cooking session', CURRENT_TIMESTAMP),
('6d756b6a-47c8-4539-af3e-5abf72cc045b', '15de4f3e-b0aa-4c1d-9b1e-4da40767ad66', 'https://example.com/video6.mp4', 'Starry night camping', CURRENT_TIMESTAMP),
('7e817d91-49c1-4bfa-ae1d-2682b1f57eef', '16e19b4a-5e71-477f-8d39-4c2d13c66f82', 'https://example.com/video7.mp4', 'Algorithmic coding session', CURRENT_TIMESTAMP),
('8f8d4740-8a42-4b02-b7b0-c5823e0bcb54', '17b4fca0-f28e-4d80-b7c9-07ad81bfa1cf', 'https://example.com/video8.mp4', 'Natures wonders in slow-mo', CURRENT_TIMESTAMP),
('9f49cdaa-29ce-42c7-8c04-7ef47cc151e9', '18f7e17d-7cc9-47af-bc58-1b2ce8b8e07d', 'https://example.com/video9.mp4', 'Pizza making time-lapse', CURRENT_TIMESTAMP),
('10f57095-d8bf-45b3-92f3-439423d61c4c', '19b11c14-d729-4eae-bf8b-862d3e28d38a', 'https://example.com/video10.mp4', 'Desert adventures', CURRENT_TIMESTAMP),
('1a6e7e76-c1d5-4048-bc4d-46d18331cdcd', '1a38d0db-b551-43ac-bc57-187c06c03af1', 'https://example.com/video11.mp4', 'Sunset on the beach', CURRENT_TIMESTAMP),
('2a0989fe-2b3d-4597-b94f-32f2f3518b0d', '20f1ee7b-e0f0-4c22-bd2e-d0ee4cfe5a65', 'https://example.com/video12.mp4', 'Street art exploration', CURRENT_TIMESTAMP),
('3a640c69-e632-4bb7-9d6a-2ee39469c671', '21fb41fe-2169-4a1f-bc24-bb2ff56ce979', 'https://example.com/video13.mp4', 'Morning yoga by the lake', CURRENT_TIMESTAMP),
('4a9f83c9-bbda-48c8-bd1f-0909b0e49ff6', '22bae6b4-70a7-44bf-8e5e-98bfc5a68964', 'https://example.com/video14.mp4', 'Beach sunset time-lapse', CURRENT_TIMESTAMP),
('5a2fc6a8-52c4-461b-bc24-97b03c60bfe4', '23bf0a17-14d2-46a0-8e58-68e4f51310e1', 'https://example.com/video15.mp4', 'Winter cabin vibes', CURRENT_TIMESTAMP),
('6ab3e0d8-bb1e-4ac1-93b4-c1d20711130e', '24c8cbf0-06e5-4ac5-bc9a-fb1f3014c8a8', 'https://example.com/video16.mp4', 'Mountain painting session', CURRENT_TIMESTAMP),
('7acf0a84-c871-4a2d-bd8c-9f215858e585', '25ba8c58-7bd0-4db0-bdd5-9f81b2a725d6', 'https://example.com/video17.mp4', 'Festive holiday decorations', CURRENT_TIMESTAMP),
('8a4f4a3f-90ac-4cc3-8a64-936d5e9fbd0b', '26fc6f23-9b83-475d-97f0-72a7f04b3083', 'https://example.com/video18.mp4', 'Waterfall wonders', CURRENT_TIMESTAMP),
('9b056384-3b92-4812-a557-5f1fb0f23f41', '27d4f46a-55d7-4f54-a144-38c3eb4420e9', 'https://example.com/video19.mp4', 'Sailing into the sunset', CURRENT_TIMESTAMP),
('10ba335c-1323-4cd9-9530-13e16c123d8c', '28a1d6bb-9872-4d2c-bca1-80a70c0a4f2a', 'https://example.com/video20.mp4', 'Coffee shop conversations', CURRENT_TIMESTAMP),
('11c2e2bb-e1f7-4a8a-8e3d-21f6ebfc8ef0', '29d52fcf-7d64-4968-8e8c-727dc5251cb0', 'https://example.com/video21.mp4', 'Snowy adventures', CURRENT_TIMESTAMP),
('12a4f6ef-d6d8-44f8-a7ea-5a1cf4f16d2c', '2d3f5223-34b0-4318-927e-9c4e18a161d8', 'https://example.com/video22.mp4', 'Exploring the city lights', CURRENT_TIMESTAMP),
('13b7c787-57e0-4e17-8d24-87e9b17ac99b', '30c74672-7b61-4a47-8360-68da05872b28', 'https://example.com/video23.mp4', 'Wildlife in the snow', CURRENT_TIMESTAMP),
('14c9c6f9-3da0-48e9-a330-14d8b258a6ef', '3f9f45e7-07b2-4db0-83e3-d8f861ba1079', 'https://example.com/video24.mp4', 'Urban exploration', CURRENT_TIMESTAMP),
('15c8a4e8-19ea-48b5-8dce-b308b96ea10c', '4a9a2f55-bab1-4c50-aa8e-1d03aebbd38a', 'https://example.com/video25.mp4', 'Winter sunrise', CURRENT_TIMESTAMP),
('16ca4c84-17b5-430a-8989-558579ccff25', '5c153b6f-179c-4a7e-b8d8-c161f41a2a15', 'https://example.com/video26.mp4', 'Garden reflections', CURRENT_TIMESTAMP),
('17c7e0f3-9b51-4f2e-94f4-6659c6aaf7e9', '6d1b5c6e-531f-4a7a-8b02-d0ebca407b5f', 'https://example.com/video27.mp4', 'Adventures in the woods', CURRENT_TIMESTAMP),
('18b9c8c7-1bf1-4e7a-b27b-cc3f2c3188d1', '7e242059-862d-4ac1-a695-94f68543f7e5', 'https://example.com/video28.mp4', 'Sunset over the city', CURRENT_TIMESTAMP),
('19d4c66b-dbb9-4e3e-a08b-b0c066b57d8c', '8f8ac88c-00c4-4b2b-bae5-08dbfa887623', 'https://example.com/video29.mp4', 'Winter wonderland', CURRENT_TIMESTAMP),
('20a9c1ab-2344-4df6-94d8-6c53dfed32da', '9f15d53e-46ab-45a1-89cc-4cc23ff6eb11', 'https://example.com/video30.mp4', 'A day at the beach', CURRENT_TIMESTAMP);

INSERT INTO photo (photo_id, post_id, photo_url, photo_description, created_at)
VALUES
('1c98d55b-6e4d-4fe3-ba3b-c688670a1f57', '10ef0d22-073f-457e-bd24-78e431a694ea', 'https://example.com/photo1.jpg', 'Mountain view', CURRENT_TIMESTAMP),
('2d6d1347-b553-4aa7-ae5c-5516e96ea865', '11feba06-21a5-4bc5-ae5b-8a16e2bda9ea', 'https://example.com/photo2.jpg', 'Sunset on the beach', CURRENT_TIMESTAMP),
('3e8a2029-79a7-4294-b0b8-10f38f50d2c8', '12f8a8dd-370a-4a41-bf3a-c3e4f30d2ab5', 'https://example.com/photo3.jpg', 'City skyline at night', CURRENT_TIMESTAMP),
('4f91f276-d07f-4f88-9f23-75a992a26e62', '13d6b46d-5cc3-4e98-8621-2e6b4da9ee95', 'https://example.com/photo4.jpg', 'Beautiful flower garden', CURRENT_TIMESTAMP),
('5a7a24e8-0f6d-41d4-a5cd-e9a67729db50', '14d51a1b-303f-43e9-8b5d-5c7d488534a3', 'https://example.com/photo5.jpg', 'Forest trail adventures', CURRENT_TIMESTAMP),
('6b7d3e2a-ba35-4b5d-af71-6c35b52f0a17', '15de4f3e-b0aa-4c1d-9b1e-4da40767ad66', 'https://example.com/photo6.jpg', 'Snowy mountain peaks', CURRENT_TIMESTAMP),
('7c55d2e9-1c8a-4a6b-8f7a-0a2a9782a2c1', '16e19b4a-5e71-477f-8d39-4c2d13c66f82', 'https://example.com/photo7.jpg', 'Colorful hot air balloons', CURRENT_TIMESTAMP),
('8d571127-5b6c-4123-b0ef-2b52ac9326b4', '17b4fca0-f28e-4d80-b7c9-07ad81bfa1cf', 'https://example.com/photo8.jpg', 'Autumn leaves in the park', CURRENT_TIMESTAMP),
('9e5c1f27-5c59-493c-bc47-679c688e11e1', '18f7e17d-7cc9-47af-bc58-1b2ce8b8e07d', 'https://example.com/photo9.jpg', 'Cityscape from above', CURRENT_TIMESTAMP),
('10e69968-5671-4210-bbf9-1c3b68ad254d', '19b11c14-d729-4eae-bf8b-862d3e28d38a', 'https://example.com/photo10.jpg', 'Morning coffee vibes', CURRENT_TIMESTAMP),
('1aa8f2e3-b82b-41f4-9a25-5e3cc0c345db', '1a38d0db-b551-43ac-bc57-187c06c03af1', 'https://example.com/photo11.jpg', 'Night sky full of stars', CURRENT_TIMESTAMP),
('2a9105a5-4a6b-4f18-8993-34afbded1485', '20f1ee7b-e0f0-4c22-bd2e-d0ee4cfe5a65', 'https://example.com/photo12.jpg', 'Exploring ancient ruins', CURRENT_TIMESTAMP),
('3ab9a22f-597d-46a9-8af2-4465b60bf31d', '21fb41fe-2169-4a1f-bc24-bb2ff56ce979', 'https://example.com/photo13.jpg', 'Colorful flower field', CURRENT_TIMESTAMP),
('4b74b442-9e0f-446b-864b-5c53a1f1eac3', '22bae6b4-70a7-44bf-8e5e-98bfc5a68964', 'https://example.com/photo14.jpg', 'Peaceful lakeside view', CURRENT_TIMESTAMP),
('5b8488b6-378a-42d7-a2e5-27ecf2aef2ce', '23bf0a17-14d2-46a0-8e58-68e4f51310e1', 'https://example.com/photo15.jpg', 'Winter wonderland', CURRENT_TIMESTAMP),
('6c102583-9b19-44c4-bfbb-d5d7b4b4912d', '24c8cbf0-06e5-4ac5-bc9a-fb1f3014c8a8', 'https://example.com/photo16.jpg', 'Urban architecture', CURRENT_TIMESTAMP),
('7c5117ac-e41e-481e-b94b-bf8491f749c2', '25ba8c58-7bd0-4db0-bdd5-9f81b2a725d6', 'https://example.com/photo17.jpg', 'Foggy forest mornings', CURRENT_TIMESTAMP),
('8c9b8a69-1c1e-4e7d-b534-d76cf04a8708', '26fc6f23-9b83-475d-97f0-72a7f04b3083', 'https://example.com/photo18.jpg', 'Waterfall paradise', CURRENT_TIMESTAMP),
('9d88b565-9d4e-48c9-8ce2-4cd1977cfb9b', '27d4f46a-55d7-4f54-a144-38c3eb4420e9', 'https://example.com/photo19.jpg', 'Sailing on calm waters', CURRENT_TIMESTAMP),
('10a7184a-d8f8-4bb4-964c-2bb71e6b9057', '28a1d6bb-9872-4d2c-bca1-80a70c0a4f2a', 'https://example.com/photo20.jpg', 'Coffee shop art', CURRENT_TIMESTAMP),
('11b31c2b-08e1-4c17-897c-e4f9cf0e1d6f', '29d52fcf-7d64-4968-8e8c-727dc5251cb0', 'https://example.com/photo21.jpg', 'Sunset over the mountains', CURRENT_TIMESTAMP),
('12b14bce-e6fb-4c36-9409-fa676e936b91', '2d3f5223-34b0-4318-927e-9c4e18a161d8', 'https://example.com/photo22.jpg', 'Adventures in the desert', CURRENT_TIMESTAMP),
('13bd4f08-8fb0-4b95-9503-26c3654e9e4f', '30c74672-7b61-4a47-8360-68da05872b28', 'https://example.com/photo23.jpg', 'Snowy cityscape', CURRENT_TIMESTAMP),
('14c42d8b-62de-459b-9d35-b0b7d7c23f1c', '3f9f45e7-07b2-4db0-83e3-d8f861ba1079', 'https://example.com/photo24.jpg', 'Autumn vibes', CURRENT_TIMESTAMP),
('15c53cf8-c8e7-4c48-8707-29e5797b6a82', '4a9a2f55-bab1-4c50-aa8e-1d03aebbd38a', 'https://example.com/photo25.jpg', 'City lights at dusk', CURRENT_TIMESTAMP),
('16e11f9f-257d-4f8f-8445-f8bb6bf2ef2d', '5c153b6f-179c-4a7e-b8d8-c161f41a2a15', 'https://example.com/photo26.jpg', 'Countryside retreat', CURRENT_TIMESTAMP),
('17f7b099-2b3c-4c58-8ea5-03fbdebf44e1', '6d1b5c6e-531f-4a7a-8b02-d0ebca407b5f', 'https://example.com/photo27.jpg', 'Winter magic', CURRENT_TIMESTAMP),
('18c2c126-12b2-4b7b-a9e7-60520d43a4c9', '7e242059-862d-4ac1-a695-94f68543f7e5', 'https://example.com/photo28.jpg', 'Morning fog', CURRENT_TIMESTAMP),
('19d78b47-28c2-4a7d-836b-aa4e0f8b87b9', '8f8ac88c-00c4-4b2b-bae5-08dbfa887623', 'https://example.com/photo29.jpg', 'Winter forest', CURRENT_TIMESTAMP),
('20b27be3-4d1c-412a-af9d-696d912ce47b', '9f15d53e-46ab-45a1-89cc-4cc23ff6eb11', 'https://example.com/photo30.jpg', 'Sunset reflections', CURRENT_TIMESTAMP);

INSERT INTO likes (like_id, created_at, user_id, post_id)
VALUES
(1, CURRENT_TIMESTAMP, '7454c97a-dd6a-41ae-bfde-6abea2e06e60', '10ef0d22-073f-457e-bd24-78e431a694ea'),
(2, CURRENT_TIMESTAMP, 'f4d09f5f-baa5-4ba0-8991-75912de1847e', '11feba06-21a5-4bc5-ae5b-8a16e2bda9ea'),
(3, CURRENT_TIMESTAMP, '19b11d4e-197d-448f-bde2-1e22efb124e8', '12f8a8dd-370a-4a41-bf3a-c3e4f30d2ab5'),
(4, CURRENT_TIMESTAMP, 'ac6912c4-af83-48eb-844b-939548bff5fb', '13d6b46d-5cc3-4e98-8621-2e6b4da9ee95'),
(5, CURRENT_TIMESTAMP, '5ffc3303-9c2b-4416-95be-be771b23b12e', '14d51a1b-303f-43e9-8b5d-5c7d488534a3'),
(6, CURRENT_TIMESTAMP, '96e5b7c1-6859-4539-86a7-8515a3a12e24', '15de4f3e-b0aa-4c1d-9b1e-4da40767ad66'),
(7, CURRENT_TIMESTAMP, '79ca473d-0707-4017-ba2e-e3ee3052d8c2', '16e19b4a-5e71-477f-8d39-4c2d13c66f82'),
(8, CURRENT_TIMESTAMP, 'af228b39-ef71-46b1-ac92-970d2851f38e', '17b4fca0-f28e-4d80-b7c9-07ad81bfa1cf'),
(9, CURRENT_TIMESTAMP, 'af07c119-fab4-4203-9915-c665ab7ab314', '18f7e17d-7cc9-47af-bc58-1b2ce8b8e07d'),
(10, CURRENT_TIMESTAMP, '56c7fad7-f9f8-4665-a05c-55e77a51f8cf', '19b11c14-d729-4eae-bf8b-862d3e28d38a'),
(11, CURRENT_TIMESTAMP, '1bf8a166-1fea-4e5a-bc4d-b15ceed934af', '1a38d0db-b551-43ac-bc57-187c06c03af1'),
(12, CURRENT_TIMESTAMP, '000c6480-ff09-489f-88e5-d9a8004e68ce', '20f1ee7b-e0f0-4c22-bd2e-d0ee4cfe5a65'),
(13, CURRENT_TIMESTAMP, '9635c688-155c-4b2e-b8b7-41da5631d478', '21fb41fe-2169-4a1f-bc24-bb2ff56ce979'),
(14, CURRENT_TIMESTAMP, '6e6c6704-02d1-4318-b769-c03c60ed365a', '22bae6b4-70a7-44bf-8e5e-98bfc5a68964'),
(15, CURRENT_TIMESTAMP, 'fd256fd0-dcbe-401a-926c-1151785644f8', '23bf0a17-14d2-46a0-8e58-68e4f51310e1'),
(16, CURRENT_TIMESTAMP, 'ac96daf4-c563-4708-9796-9d62cd73ed0a', '24c8cbf0-06e5-4ac5-bc9a-fb1f3014c8a8'),
(17, CURRENT_TIMESTAMP, 'd1bc82b2-1ce9-4c00-971c-4ba6d12637bf', '25ba8c58-7bd0-4db0-bdd5-9f81b2a725d6'),
(18, CURRENT_TIMESTAMP, '50b6c348-f418-4d1d-b164-3ab52f2529e4', '26fc6f23-9b83-475d-97f0-72a7f04b3083'),
(19, CURRENT_TIMESTAMP, '3e72901c-1a4c-410a-8f82-3970c530c9df', '27d4f46a-55d7-4f54-a144-38c3eb4420e9'),
(20, CURRENT_TIMESTAMP, 'cd47ab00-99f7-4a46-bb4a-a1af261fd688', '28a1d6bb-9872-4d2c-bca1-80a70c0a4f2a'),
(21, CURRENT_TIMESTAMP, 'd512d5e2-6458-4090-81ee-ab92d87d10ec', '29d52fcf-7d64-4968-8e8c-727dc5251cb0'),
(22, CURRENT_TIMESTAMP, '81436de9-3398-4696-a11b-ab89571e590a', '2d3f5223-34b0-4318-927e-9c4e18a161d8'),
(23, CURRENT_TIMESTAMP, '10e876f4-b857-4135-af9a-9ce8f7b64be2', '30c74672-7b61-4a47-8360-68da05872b28'),
(24, CURRENT_TIMESTAMP, '21a8bd86-7561-4a8c-99be-6e094450f24c', '3f9f45e7-07b2-4db0-83e3-d8f861ba1079'),
(25, CURRENT_TIMESTAMP, '8f2de297-3812-4846-92a9-c00547784bfa', '4a9a2f55-bab1-4c50-aa8e-1d03aebbd38a'),
(26, CURRENT_TIMESTAMP, '14dc8c7a-685b-4fe0-81d6-231b1d537759', '5c153b6f-179c-4a7e-b8d8-c161f41a2a15'),
(27, CURRENT_TIMESTAMP, 'fd3bdc0d-e464-440c-8e79-c8c3add9a18c', '6d1b5c6e-531f-4a7a-8b02-d0ebca407b5f'),
(28, CURRENT_TIMESTAMP, '510b5879-6e81-45cd-8be3-d74b47a612b9', '7e242059-862d-4ac1-a695-94f68543f7e5'),
(29, CURRENT_TIMESTAMP, '25c84c1c-025b-4163-bff5-13cd1a6be2cb', '8f8ac88c-00c4-4b2b-bae5-08dbfa887623'),
(30, CURRENT_TIMESTAMP, 'fc4afe62-02a7-4b1d-b900-f43e31a79a71', '9f15d53e-46ab-45a1-89cc-4cc23ff6eb11');

INSERT INTO bookmarks (bookmark_id, created_at, user_id, post_id) VALUES
('01e66d34-7780-4fc8-b5b5-8e2da50e1a8c', CURRENT_TIMESTAMP, '7454c97a-dd6a-41ae-bfde-6abea2e06e60', '10ef0d22-073f-457e-bd24-78e431a694ea'),
('02b9cf31-1967-4f98-8f87-24077f81076b', CURRENT_TIMESTAMP, 'f4d09f5f-baa5-4ba0-8991-75912de1847e', '11feba06-21a5-4bc5-ae5b-8a16e2bda9ea'),
('03c8b9e1-4474-404f-89df-1d9c7ab0621b', CURRENT_TIMESTAMP, '19b11d4e-197d-448f-bde2-1e22efb124e8', '12f8a8dd-370a-4a41-bf3a-c3e4f30d2ab5'),
('04d40d3a-86e5-4fe3-8c54-5a6d32108e9c', CURRENT_TIMESTAMP, 'ac6912c4-af83-48eb-844b-939548bff5fb', '13d6b46d-5cc3-4e98-8621-2e6b4da9ee95'),
('05e18c55-8018-4b96-a255-c4e1b8b7763d', CURRENT_TIMESTAMP, '5ffc3303-9c2b-4416-95be-be771b23b12e', '14d51a1b-303f-43e9-8b5d-5c7d488534a3'),
('0683f2e9-1982-4bda-818a-c8629cfd9f88', CURRENT_TIMESTAMP, '96e5b7c1-6859-4539-86a7-8515a3a12e24', '15de4f3e-b0aa-4c1d-9b1e-4da40767ad66'),
('0785c243-ba5a-432e-924d-fc14b6d13a82', CURRENT_TIMESTAMP, '79ca473d-0707-4017-ba2e-e3ee3052d8c2', '16e19b4a-5e71-477f-8d39-4c2d13c66f82'),
('0867a9f5-1b9b-41f2-85c2-b4c9c38d9a1f', CURRENT_TIMESTAMP, 'af228b39-ef71-46b1-ac92-970d2851f38e', '17b4fca0-f28e-4d80-b7c9-07ad81bfa1cf'),
('0965f3a9-5cd2-40f8-8715-4e9ac3b44b34', CURRENT_TIMESTAMP, 'af07c119-fab4-4203-9915-c665ab7ab314', '18f7e17d-7cc9-47af-bc58-1b2ce8b8e07d'),
('1055d953-f0d2-46b7-bf0d-cd488b8561a9', CURRENT_TIMESTAMP, '56c7fad7-f9f8-4665-a05c-55e77a51f8cf', '19b11c14-d729-4eae-bf8b-862d3e28d38a'),
('11c5e0ea-c61c-490c-b9ce-0e48550c14a8', CURRENT_TIMESTAMP, '1bf8a166-1fea-4e5a-bc4d-b15ceed934af', '1a38d0db-b551-43ac-bc57-187c06c03af1'),
('1262e04a-3c6d-4eae-bab4-68c2e3a7d887', CURRENT_TIMESTAMP, '000c6480-ff09-489f-88e5-d9a8004e68ce', '20f1ee7b-e0f0-4c22-bd2e-d0ee4cfe5a65'),
('1375bfc3-eccb-44d3-8341-564a872feecf', CURRENT_TIMESTAMP, '9635c688-155c-4b2e-b8b7-41da5631d478', '21fb41fe-2169-4a1f-bc24-bb2ff56ce979'),
('1477f1d4-dc8c-41ac-9ea9-844f497fbdb1', CURRENT_TIMESTAMP, '6e6c6704-02d1-4318-b769-c03c60ed365a', '22bae6b4-70a7-44bf-8e5e-98bfc5a68964'),
('15a64d8a-2a1f-4030-9db9-7bc0c52ea623', CURRENT_TIMESTAMP, 'fd256fd0-dcbe-401a-926c-1151785644f8', '23bf0a17-14d2-46a0-8e58-68e4f51310e1'),
('1671e710-0d4b-4dbf-bd5a-707c82834e98', CURRENT_TIMESTAMP, 'ac96daf4-c563-4708-9796-9d62cd73ed0a', '24c8cbf0-06e5-4ac5-bc9a-fb1f3014c8a8'),
('1774b7c2-1d9b-4f1e-b184-8d9d5d325a0d', CURRENT_TIMESTAMP, 'd1bc82b2-1ce9-4c00-971c-4ba6d12637bf', '25ba8c58-7bd0-4db0-bdd5-9f81b2a725d6'),
('1872e2d4-419a-4591-b4ab-8f4a321ea836', CURRENT_TIMESTAMP, '50b6c348-f418-4d1d-b164-3ab52f2529e4', '26fc6f23-9b83-475d-97f0-72a7f04b3083'),
('1969c7bf-b3d7-4f60-b8b0-bde68c781b33', CURRENT_TIMESTAMP, '3e72901c-1a4c-410a-8f82-3970c530c9df', '27d4f46a-55d7-4f54-a144-38c3eb4420e9'),
('2067b9d8-d38f-497c-885e-576cbcb4bcfb', CURRENT_TIMESTAMP, 'cd47ab00-99f7-4a46-bb4a-a1af261fd688', '28a1d6bb-9872-4d2c-bca1-80a70c0a4f2a'),
('2168cc14-e9b2-4e6a-b1e0-952d6cf8b6d4', CURRENT_TIMESTAMP, 'd512d5e2-6458-4090-81ee-ab92d87d10ec', '29d52fcf-7d64-4968-8e8c-727dc5251cb0'),
('2263f60d-3ee2-45b5-b176-5c6f6eb5c5d1', CURRENT_TIMESTAMP, '81436de9-3398-4696-a11b-ab89571e590a', '2d3f5223-34b0-4318-927e-9c4e18a161d8'),
('2365e8a0-7681-4e45-8790-34eb4f07ff5e', CURRENT_TIMESTAMP, '10e876f4-b857-4135-af9a-9ce8f7b64be2', '30c74672-7b61-4a47-8360-68da05872b28'),
('2468e301-58a1-45f7-99ab-d8f69daa92d7', CURRENT_TIMESTAMP, '21a8bd86-7561-4a8c-99be-6e094450f24c', '3f9f45e7-07b2-4db0-83e3-d8f861ba1079'),
('2571e964-053b-4e19-a594-bc639de0e1cd', CURRENT_TIMESTAMP, '8f2de297-3812-4846-92a9-c00547784bfa', '4a9a2f55-bab1-4c50-aa8e-1d03aebbd38a'),
('2669cb82-3eb1-4814-822d-3e95a3ed8e91', CURRENT_TIMESTAMP, '14dc8c7a-685b-4fe0-81d6-231b1d537759', '5c153b6f-179c-4a7e-b8d8-c161f41a2a15'),
('2770ea6f-c616-4017-b3d2-181268b0cfa0', CURRENT_TIMESTAMP, 'fd3bdc0d-e464-440c-8e79-c8c3add9a18c', '6d1b5c6e-531f-4a7a-8b02-d0ebca407b5f'),
('2874e982-4e5f-45ae-85f7-c2d2f72a4f4d', CURRENT_TIMESTAMP, '510b5879-6e81-45cd-8be3-d74b47a612b9', '7e242059-862d-4ac1-a695-94f68543f7e5'),
('2978d11d-5c47-4151-bcd9-9b5508e513d1', CURRENT_TIMESTAMP, '25c84c1c-025b-4163-bff5-13cd1a6be2cb', '8f8ac88c-00c4-4b2b-bae5-08dbfa887623'),
('3078c5d3-0e9a-4093-96ad-22bf461f68d0', CURRENT_TIMESTAMP, 'fc4afe62-02a7-4b1d-b900-f43e31a79a71', '9f15d53e-46ab-45a1-89cc-4cc23ff6eb11');

INSERT INTO comments (comment_id, comment_content, created_at, user_id, post_id) VALUES
('01f9e371-45ef-41b8-8d20-4991bb14d7c8', 'Great post!', CURRENT_TIMESTAMP, '7454c97a-dd6a-41ae-bfde-6abea2e06e60', '10ef0d22-073f-457e-bd24-78e431a694ea'),
('02c3f4b9-3449-4f7a-9643-6c9e9f1441b4', 'Interesting thoughts.', CURRENT_TIMESTAMP, 'f4d09f5f-baa5-4ba0-8991-75912de1847e', '11feba06-21a5-4bc5-ae5b-8a16e2bda9ea'),
('03a0e127-d7a4-46b0-b56c-04b92c515e8a', 'I agree with you.', CURRENT_TIMESTAMP, '19b11d4e-197d-448f-bde2-1e22efb124e8', '12f8a8dd-370a-4a41-bf3a-c3e4f30d2ab5'),
('0420e5fb-2f79-4af3-8766-16c96de12974', 'Nice post!', CURRENT_TIMESTAMP, 'ac6912c4-af83-48eb-844b-939548bff5fb', '13d6b46d-5cc3-4e98-8621-2e6b4da9ee95'),
('0533f8a0-b1e7-4e8e-aa7b-42a9d7a91c9d', 'Well written.', CURRENT_TIMESTAMP, '5ffc3303-9c2b-4416-95be-be771b23b12e', '14d51a1b-303f-43e9-8b5d-5c7d488534a3'),
('0659a1eb-6e97-4763-8207-892e852b943b', 'I have a different opinion.', CURRENT_TIMESTAMP, '96e5b7c1-6859-4539-86a7-8515a3a12e24', '15de4f3e-b0aa-4c1d-9b1e-4da40767ad66'),
('0771d940-0c17-4945-9c72-322c52e8b13d', 'Keep it up!', CURRENT_TIMESTAMP, '79ca473d-0707-4017-ba2e-e3ee3052d8c2', '16e19b4a-5e71-477f-8d39-4c2d13c66f82'),
('0852b2db-6f74-4c3c-a42d-87c7cfd66f5d', 'Thought-provoking.', CURRENT_TIMESTAMP, 'af228b39-ef71-46b1-ac92-970d2851f38e', '17b4fca0-f28e-4d80-b7c9-07ad81bfa1cf'),
('0965cf9f-d2c2-4a9f-8619-3452c651fe50', 'Disagree with your point.', CURRENT_TIMESTAMP, 'af07c119-fab4-4203-9915-c665ab7ab314', '18f7e17d-7cc9-47af-bc58-1b2ce8b8e07d'),
('1051c13b-19e7-40d9-aeb9-3e2f6d8fe974', 'Insightful!', CURRENT_TIMESTAMP, '56c7fad7-f9f8-4665-a05c-55e77a51f8cf', '19b11c14-d729-4eae-bf8b-862d3e28d38a'),
('1184d26f-3fc8-4c2a-aaae-9a9c40a6db3b', 'Interesting perspective.', CURRENT_TIMESTAMP, '1bf8a166-1fea-4e5a-bc4d-b15ceed934af', '1a38d0db-b551-43ac-bc57-187c06c03af1'),
('1285f3bc-16e8-470e-933c-453b02cb1a7f', 'Agree with your analysis.', CURRENT_TIMESTAMP, '000c6480-ff09-489f-88e5-d9a8004e68ce', '20f1ee7b-e0f0-4c22-bd2e-d0ee4cfe5a65'),
('1367ea40-6455-4031-960e-5666aa90d287', 'Your points are valid.', CURRENT_TIMESTAMP, '9635c688-155c-4b2e-b8b7-41da5631d478', '21fb41fe-2169-4a1f-bc24-bb2ff56ce979'),
('1468e3ea-21c9-4d5a-b641-36f5a6c2f394', 'I appreciate your insights.', CURRENT_TIMESTAMP, '6e6c6704-02d1-4318-b769-c03c60ed365a', '22bae6b4-70a7-44bf-8e5e-98bfc5a68964'),
('1569ef76-2905-40a9-933b-d272f8571a48', 'Great analysis!', CURRENT_TIMESTAMP, 'fd256fd0-dcbe-401a-926c-1151785644f8', '23bf0a17-14d2-46a0-8e58-68e4f51310e1'),
('1666f37f-9a61-43a7-9dbf-93e9d53484b7', 'Interesting read.', CURRENT_TIMESTAMP, 'ac96daf4-c563-4708-9796-9d62cd73ed0a', '24c8cbf0-06e5-4ac5-bc9a-fb1f3014c8a8'),
('1767d2c2-42f0-4b61-9b1f-2c0c55cd32ab', 'Well articulated.', CURRENT_TIMESTAMP, 'd1bc82b2-1ce9-4c00-971c-4ba6d12637bf', '25ba8c58-7bd0-4db0-bdd5-9f81b2a725d6'),
('1863eac5-688f-4c9a-a01c-9067274811f1', 'I disagree with you.', CURRENT_TIMESTAMP, '50b6c348-f418-4d1d-b164-3ab52f2529e4', '26fc6f23-9b83-475d-97f0-72a7f04b3083'),
('1967f5e6-2dd8-41c2-9f8f-bd4507f992b5', 'Great points made.', CURRENT_TIMESTAMP, '3e72901c-1a4c-410a-8f82-3970c530c9df', '27d4f46a-55d7-4f54-a144-38c3eb4420e9'),
('2067c8e8-1cb7-4f7e-a2aa-48e217b38f4d', 'I share your opinion.', CURRENT_TIMESTAMP, 'cd47ab00-99f7-4a46-bb4a-a1af261fd688', '28a1d6bb-9872-4d2c-bca1-80a70c0a4f2a'),
('2169dcd2-56f9-4a9a-ba4a-857b09957a72', 'Well said!', CURRENT_TIMESTAMP, 'd512d5e2-6458-4090-81ee-ab92d87d10ec', '29d52fcf-7d64-4968-8e8c-727dc5251cb0'),
('2266e0bf-d0e4-4e62-b6bf-0cdd13f4d70a', 'Interesting points raised.', CURRENT_TIMESTAMP, '81436de9-3398-4696-a11b-ab89571e590a', '2d3f5223-34b0-4318-927e-9c4e18a161d8'),
('2369ce1d-6b1a-45eb-baa7-b4b21d72ab8f', 'I strongly disagree.', CURRENT_TIMESTAMP, '10e876f4-b857-4135-af9a-9ce8f7b64be2', '30c74672-7b61-4a47-8360-68da05872b28'),
('2468d58c-08a1-407d-a6b4-0b6c2e8e5791', 'Well thought out.', CURRENT_TIMESTAMP, '21a8bd86-7561-4a8c-99be-6e094450f24c', '3f9f45e7-07b2-4db0-83e3-d8f861ba1079'),
('2567c55c-4311-4d86-92a2-ecb94407b46f', 'I appreciate your perspective.', CURRENT_TIMESTAMP, '8f2de297-3812-4846-92a9-c00547784bfa', '4a9a2f55-bab1-4c50-aa8e-1d03aebbd38a'),
('2665e116-0f45-44c0-bac7-48a178625d19', 'Great insights shared.', CURRENT_TIMESTAMP, '14dc8c7a-685b-4fe0-81d6-231b1d537759', '5c153b6f-179c-4a7e-b8d8-c161f41a2a15'),
('2768d94b-f505-4654-86ec-59c6110a54d4', 'Interesting perspective.', CURRENT_TIMESTAMP, 'fd3bdc0d-e464-440c-8e79-c8c3add9a18c', '6d1b5c6e-531f-4a7a-8b02-d0ebca407b5f'),
('2867df23-b759-4752-8fc7-0d4a50cf2822', 'Well argued.', CURRENT_TIMESTAMP, '510b5879-6e81-45cd-8be3-d74b47a612b9', '7e242059-862d-4ac1-a695-94f68543f7e5'),
('2969c47b-92a5-4ae6-9c95-3dd30d261e42', 'I see your point.', CURRENT_TIMESTAMP, '25c84c1c-025b-4163-bff5-13cd1a6be2cb', '8f8ac88c-00c4-4b2b-bae5-08dbfa887623');


INSERT INTO comment_likes (comment_like_id, comment_id, user_id, created_at) VALUES
(1, '01f9e371-45ef-41b8-8d20-4991bb14d7c8', '7454c97a-dd6a-41ae-bfde-6abea2e06e60', CURRENT_TIMESTAMP),
(2, '02c3f4b9-3449-4f7a-9643-6c9e9f1441b4', 'f4d09f5f-baa5-4ba0-8991-75912de1847e', CURRENT_TIMESTAMP),
(3, '03a0e127-d7a4-46b0-b56c-04b92c515e8a', '19b11d4e-197d-448f-bde2-1e22efb124e8', CURRENT_TIMESTAMP),
(4, '0420e5fb-2f79-4af3-8766-16c96de12974', 'ac6912c4-af83-48eb-844b-939548bff5fb', CURRENT_TIMESTAMP),
(5, '0533f8a0-b1e7-4e8e-aa7b-42a9d7a91c9d', '5ffc3303-9c2b-4416-95be-be771b23b12e', CURRENT_TIMESTAMP),
(6, '0659a1eb-6e97-4763-8207-892e852b943b', '96e5b7c1-6859-4539-86a7-8515a3a12e24', CURRENT_TIMESTAMP),
(7, '0771d940-0c17-4945-9c72-322c52e8b13d', '79ca473d-0707-4017-ba2e-e3ee3052d8c2', CURRENT_TIMESTAMP),
(8, '0852b2db-6f74-4c3c-a42d-87c7cfd66f5d', 'af228b39-ef71-46b1-ac92-970d2851f38e', CURRENT_TIMESTAMP),
(9, '0965cf9f-d2c2-4a9f-8619-3452c651fe50', 'af07c119-fab4-4203-9915-c665ab7ab314', CURRENT_TIMESTAMP),
(10, '1051c13b-19e7-40d9-aeb9-3e2f6d8fe974', '56c7fad7-f9f8-4665-a05c-55e77a51f8cf', CURRENT_TIMESTAMP),
(11, '1184d26f-3fc8-4c2a-aaae-9a9c40a6db3b', '1bf8a166-1fea-4e5a-bc4d-b15ceed934af', CURRENT_TIMESTAMP),
(12, '1285f3bc-16e8-470e-933c-453b02cb1a7f', '000c6480-ff09-489f-88e5-d9a8004e68ce', CURRENT_TIMESTAMP),
(13, '1367ea40-6455-4031-960e-5666aa90d287', '9635c688-155c-4b2e-b8b7-41da5631d478', CURRENT_TIMESTAMP),
(14, '1468e3ea-21c9-4d5a-b641-36f5a6c2f394', '6e6c6704-02d1-4318-b769-c03c60ed365a', CURRENT_TIMESTAMP),
(15, '1569ef76-2905-40a9-933b-d272f8571a48', 'fd256fd0-dcbe-401a-926c-1151785644f8', CURRENT_TIMESTAMP),
(16, '1666f37f-9a61-43a7-9dbf-93e9d53484b7', 'ac96daf4-c563-4708-9796-9d62cd73ed0a', CURRENT_TIMESTAMP),
(17, '1767d2c2-42f0-4b61-9b1f-2c0c55cd32ab', 'd1bc82b2-1ce9-4c00-971c-4ba6d12637bf', CURRENT_TIMESTAMP),
(18, '1863eac5-688f-4c9a-a01c-9067274811f1', '50b6c348-f418-4d1d-b164-3ab52f2529e4', CURRENT_TIMESTAMP),
(19, '1967f5e6-2dd8-41c2-9f8f-bd4507f992b5', '3e72901c-1a4c-410a-8f82-3970c530c9df', CURRENT_TIMESTAMP),
(20, '2067c8e8-1cb7-4f7e-a2aa-48e217b38f4d', 'cd47ab00-99f7-4a46-bb4a-a1af261fd688', CURRENT_TIMESTAMP),
(21, '2169dcd2-56f9-4a9a-ba4a-857b09957a72', 'd512d5e2-6458-4090-81ee-ab92d87d10ec', CURRENT_TIMESTAMP),
(22, '2266e0bf-d0e4-4e62-b6bf-0cdd13f4d70a', '81436de9-3398-4696-a11b-ab89571e590a', CURRENT_TIMESTAMP),
(23, '2369ce1d-6b1a-45eb-baa7-b4b21d72ab8f', '10e876f4-b857-4135-af9a-9ce8f7b64be2', CURRENT_TIMESTAMP),
(24, '2468d58c-08a1-407d-a6b4-0b6c2e8e5791', '21a8bd86-7561-4a8c-99be-6e094450f24c', CURRENT_TIMESTAMP),
(25, '2567c55c-4311-4d86-92a2-ecb94407b46f', '8f2de297-3812-4846-92a9-c00547784bfa', CURRENT_TIMESTAMP),
(26, '2665e116-0f45-44c0-bac7-48a178625d19', '14dc8c7a-685b-4fe0-81d6-231b1d537759', CURRENT_TIMESTAMP),
(27, '2768d94b-f505-4654-86ec-59c6110a54d4', 'fd3bdc0d-e464-440c-8e79-c8c3add9a18c', CURRENT_TIMESTAMP),
(28, '2867df23-b759-4752-8fc7-0d4a50cf2822', '510b5879-6e81-45cd-8be3-d74b47a612b9', CURRENT_TIMESTAMP),
(29, '2969c47b-92a5-4ae6-9c95-3dd30d261e42', '25c84c1c-025b-4163-bff5-13cd1a6be2cb', CURRENT_TIMESTAMP);

INSERT INTO comment_reply (comment_reply_id, comment_id, reply_text, post_id, user_id, created_at) VALUES
('1', '01f9e371-45ef-41b8-8d20-4991bb14d7c8', 'Reply 1', '10ef0d22-073f-457e-bd24-78e431a694ea', '7454c97a-dd6a-41ae-bfde-6abea2e06e60', CURRENT_TIMESTAMP),
('2', '02c3f4b9-3449-4f7a-9643-6c9e9f1441b4', 'Reply 2', '11feba06-21a5-4bc5-ae5b-8a16e2bda9ea', 'f4d09f5f-baa5-4ba0-8991-75912de1847e', CURRENT_TIMESTAMP),
('3', '03a0e127-d7a4-46b0-b56c-04b92c515e8a', 'Reply 3', '12f8a8dd-370a-4a41-bf3a-c3e4f30d2ab5', '19b11d4e-197d-448f-bde2-1e22efb124e8', CURRENT_TIMESTAMP),
('4', '0420e5fb-2f79-4af3-8766-16c96de12974', 'Reply 4', '13d6b46d-5cc3-4e98-8621-2e6b4da9ee95', 'ac6912c4-af83-48eb-844b-939548bff5fb', CURRENT_TIMESTAMP),
('5', '0533f8a0-b1e7-4e8e-aa7b-42a9d7a91c9d', 'Reply 5', '14d51a1b-303f-43e9-8b5d-5c7d488534a3', '5ffc3303-9c2b-4416-95be-be771b23b12e', CURRENT_TIMESTAMP),
('6', '0659a1eb-6e97-4763-8207-892e852b943b', 'Reply 6', '15de4f3e-b0aa-4c1d-9b1e-4da40767ad66', '96e5b7c1-6859-4539-86a7-8515a3a12e24', CURRENT_TIMESTAMP),
('7', '0771d940-0c17-4945-9c72-322c52e8b13d', 'Reply 7', '16e19b4a-5e71-477f-8d39-4c2d13c66f82', '79ca473d-0707-4017-ba2e-e3ee3052d8c2', CURRENT_TIMESTAMP),
('8', '0852b2db-6f74-4c3c-a42d-87c7cfd66f5d', 'Reply 8', '17b4fca0-f28e-4d80-b7c9-07ad81bfa1cf', 'af228b39-ef71-46b1-ac92-970d2851f38e', CURRENT_TIMESTAMP),
('9', '0965cf9f-d2c2-4a9f-8619-3452c651fe50', 'Reply 9', '18f7e17d-7cc9-47af-bc58-1b2ce8b8e07d', 'af07c119-fab4-4203-9915-c665ab7ab314', CURRENT_TIMESTAMP),
('10', '1051c13b-19e7-40d9-aeb9-3e2f6d8fe974', 'Reply 10', '19b11c14-d729-4eae-bf8b-862d3e28d38a', '56c7fad7-f9f8-4665-a05c-55e77a51f8cf', CURRENT_TIMESTAMP),
('11', '1184d26f-3fc8-4c2a-aaae-9a9c40a6db3b', 'Reply 11', '1a38d0db-b551-43ac-bc57-187c06c03af1', '1bf8a166-1fea-4e5a-bc4d-b15ceed934af', CURRENT_TIMESTAMP),
('12', '1285f3bc-16e8-470e-933c-453b02cb1a7f', 'Reply 12', '20f1ee7b-e0f0-4c22-bd2e-d0ee4cfe5a65', '000c6480-ff09-489f-88e5-d9a8004e68ce', CURRENT_TIMESTAMP),
('13', '1367ea40-6455-4031-960e-5666aa90d287', 'Reply 13', '21fb41fe-2169-4a1f-bc24-bb2ff56ce979', '9635c688-155c-4b2e-b8b7-41da5631d478', CURRENT_TIMESTAMP),
('14', '1468e3ea-21c9-4d5a-b641-36f5a6c2f394', 'Reply 14', '22bae6b4-70a7-44bf-8e5e-98bfc5a68964', '6e6c6704-02d1-4318-b769-c03c60ed365a', CURRENT_TIMESTAMP),
('15', '1569ef76-2905-40a9-933b-d272f8571a48', 'Reply 15', '23bf0a17-14d2-46a0-8e58-68e4f51310e1', 'fd256fd0-dcbe-401a-926c-1151785644f8', CURRENT_TIMESTAMP),
('16', '1666f37f-9a61-43a7-9dbf-93e9d53484b7', 'Reply 16', '24c8cbf0-06e5-4ac5-bc9a-fb1f3014c8a8', 'ac96daf4-c563-4708-9796-9d62cd73ed0a', CURRENT_TIMESTAMP);

INSERT INTO tag (tag_id, tag_text, post_id) VALUES
(1, '#Travel', '10ef0d22-073f-457e-bd24-78e431a694ea'),
(2, '#Foodie', '11feba06-21a5-4bc5-ae5b-8a16e2bda9ea'),
(3, '#Fitness', '12f8a8dd-370a-4a41-bf3a-c3e4f30d2ab5'),
(4, '#NatureLover', '13d6b46d-5cc3-4e98-8621-2e6b4da9ee95'),
(5, '#Fashion', '14d51a1b-303f-43e9-8b5d-5c7d488534a3'),
(6, '#Artistic', '15de4f3e-b0aa-4c1d-9b1e-4da40767ad66'),
(7, '#TechGeek', '16e19b4a-5e71-477f-8d39-4c2d13c66f82'),
(8, '#MusicLover', '17b4fca0-f28e-4d80-b7c9-07ad81bfa1cf'),
(9, '#Wellness', '18f7e17d-7cc9-47af-bc58-1b2ce8b8e07d'),
(10, '#Adventure', '19b11c14-d729-4eae-bf8b-862d3e28d38a'),
(11, '#Selfie', '1a38d0db-b551-43ac-bc57-187c06c03af1'),
(12, '#Gaming', '20f1ee7b-e0f0-4c22-bd2e-d0ee4cfe5a65'),
(13, '#Throwback', '21fb41fe-2169-4a1f-bc24-bb2ff56ce979'),
(14, '#Pets', '22bae6b4-70a7-44bf-8e5e-98bfc5a68964'),
(15, '#Sunset', '23bf0a17-14d2-46a0-8e58-68e4f51310e1'),
(16, '#CodingLife', '24c8cbf0-06e5-4ac5-bc9a-fb1f3014c8a8'),
(17, '#HealthyEating', '25ba8c58-7bd0-4db0-bdd5-9f81b2a725d6'),
(18, '#Mindfulness', '26fc6f23-9b83-475d-97f0-72a7f04b3083'),
(19, '#Bookworm', '27d4f46a-55d7-4f54-a144-38c3eb4420e9'),
(20, '#CoffeeLover', '28a1d6bb-9872-4d2c-bca1-80a70c0a4f2a'),
(21, '#DIY', '29d52fcf-7d64-4968-8e8c-727dc5251cb0'),
(22, '#Motivation', '2d3f5223-34b0-4318-927e-9c4e18a161d8'),
(23, '#TravelGoals', '30c74672-7b61-4a47-8360-68da05872b28'),
(24, '#Photography', '3f9f45e7-07b2-4db0-83e3-d8f861ba1079'),
(25, '#Innovation', '4a9a2f55-bab1-4c50-aa8e-1d03aebbd38a'),
(26, '#MindfulLiving', '5c153b6f-179c-4a7e-b8d8-c161f41a2a15'),
(27, '#AdventureTime', '6d1b5c6e-531f-4a7a-8b02-d0ebca407b5f'),
(28, '#Sunrise', '7e242059-862d-4ac1-a695-94f68543f7e5'),
(29, '#TechInnovation', '8f8ac88c-00c4-4b2b-bae5-08dbfa887623'),
(30, '#PositiveVibes', '9f15d53e-46ab-45a1-89cc-4cc23ff6eb11');

INSERT INTO repost (repost_id, post_id, created_at, user_id) VALUES
(1, '10ef0d22-073f-457e-bd24-78e431a694ea', CURRENT_TIMESTAMP, '7454c97a-dd6a-41ae-bfde-6abea2e06e60'),
(2, '11feba06-21a5-4bc5-ae5b-8a16e2bda9ea', CURRENT_TIMESTAMP, 'f4d09f5f-baa5-4ba0-8991-75912de1847e'),
(3, '12f8a8dd-370a-4a41-bf3a-c3e4f30d2ab5', CURRENT_TIMESTAMP, '19b11d4e-197d-448f-bde2-1e22efb124e8'),
(4, '13d6b46d-5cc3-4e98-8621-2e6b4da9ee95', CURRENT_TIMESTAMP, 'ac6912c4-af83-48eb-844b-939548bff5fb'),
(5, '14d51a1b-303f-43e9-8b5d-5c7d488534a3', CURRENT_TIMESTAMP, '5ffc3303-9c2b-4416-95be-be771b23b12e'),
(6, '15de4f3e-b0aa-4c1d-9b1e-4da40767ad66', CURRENT_TIMESTAMP, '96e5b7c1-6859-4539-86a7-8515a3a12e24'),
(7, '16e19b4a-5e71-477f-8d39-4c2d13c66f82', CURRENT_TIMESTAMP, '79ca473d-0707-4017-ba2e-e3ee3052d8c2'),
(8, '17b4fca0-f28e-4d80-b7c9-07ad81bfa1cf', CURRENT_TIMESTAMP, 'af228b39-ef71-46b1-ac92-970d2851f38e'),
(9, '18f7e17d-7cc9-47af-bc58-1b2ce8b8e07d', CURRENT_TIMESTAMP, 'af07c119-fab4-4203-9915-c665ab7ab314'),
(10, '19b11c14-d729-4eae-bf8b-862d3e28d38a', CURRENT_TIMESTAMP, '56c7fad7-f9f8-4665-a05c-55e77a51f8cf'),
(11, '1a38d0db-b551-43ac-bc57-187c06c03af1', CURRENT_TIMESTAMP, '1bf8a166-1fea-4e5a-bc4d-b15ceed934af'),
(12, '20f1ee7b-e0f0-4c22-bd2e-d0ee4cfe5a65', CURRENT_TIMESTAMP, '000c6480-ff09-489f-88e5-d9a8004e68ce'),
(13, '21fb41fe-2169-4a1f-bc24-bb2ff56ce979', CURRENT_TIMESTAMP, '9635c688-155c-4b2e-b8b7-41da5631d478'),
(14, '22bae6b4-70a7-44bf-8e5e-98bfc5a68964', CURRENT_TIMESTAMP, '6e6c6704-02d1-4318-b769-c03c60ed365a'),
(15, '23bf0a17-14d2-46a0-8e58-68e4f51310e1', CURRENT_TIMESTAMP, 'fd256fd0-dcbe-401a-926c-1151785644f8'),
(16, '24c8cbf0-06e5-4ac5-bc9a-fb1f3014c8a8', CURRENT_TIMESTAMP, 'ac96daf4-c563-4708-9796-9d62cd73ed0a'),
(17, '25ba8c58-7bd0-4db0-bdd5-9f81b2a725d6', CURRENT_TIMESTAMP, 'd1bc82b2-1ce9-4c00-971c-4ba6d12637bf'),
(18, '26fc6f23-9b83-475d-97f0-72a7f04b3083', CURRENT_TIMESTAMP, '50b6c348-f418-4d1d-b164-3ab52f2529e4'),
(19, '27d4f46a-55d7-4f54-a144-38c3eb4420e9', CURRENT_TIMESTAMP, '3e72901c-1a4c-410a-8f82-3970c530c9df'),
(20, '28a1d6bb-9872-4d2c-bca1-80a70c0a4f2a', CURRENT_TIMESTAMP, 'cd47ab00-99f7-4a46-bb4a-a1af261fd688'),
(21, '29d52fcf-7d64-4968-8e8c-727dc5251cb0', CURRENT_TIMESTAMP, 'd512d5e2-6458-4090-81ee-ab92d87d10ec'),
(22, '2d3f5223-34b0-4318-927e-9c4e18a161d8', CURRENT_TIMESTAMP, '81436de9-3398-4696-a11b-ab89571e590a'),
(23, '30c74672-7b61-4a47-8360-68da05872b28', CURRENT_TIMESTAMP, '10e876f4-b857-4135-af9a-9ce8f7b64be2'),
(24, '3f9f45e7-07b2-4db0-83e3-d8f861ba1079', CURRENT_TIMESTAMP, '21a8bd86-7561-4a8c-99be-6e094450f24c'),
(25, '4a9a2f55-bab1-4c50-aa8e-1d03aebbd38a', CURRENT_TIMESTAMP, '8f2de297-3812-4846-92a9-c00547784bfa'),
(26, '5c153b6f-179c-4a7e-b8d8-c161f41a2a15', CURRENT_TIMESTAMP, '14dc8c7a-685b-4fe0-81d6-231b1d537759'),
(27, '6d1b5c6e-531f-4a7a-8b02-d0ebca407b5f', CURRENT_TIMESTAMP, 'fd3bdc0d-e464-440c-8e79-c8c3add9a18c'),
(28, '7e242059-862d-4ac1-a695-94f68543f7e5', CURRENT_TIMESTAMP, '510b5879-6e81-45cd-8be3-d74b47a612b9'),
(29, '8f8ac88c-00c4-4b2b-bae5-08dbfa887623', CURRENT_TIMESTAMP, '25c84c1c-025b-4163-bff5-13cd1a6be2cb'),
(30, '9f15d53e-46ab-45a1-89cc-4cc23ff6eb11', CURRENT_TIMESTAMP, 'fc4afe62-02a7-4b1d-b900-f43e31a79a71');


INSERT INTO mentions (mention_id, mentioned_by, mentioned_user, created_at, post_id) VALUES
(1, '7454c97a-dd6a-41ae-bfde-6abea2e06e60', 'f4d09f5f-baa5-4ba0-8991-75912de1847e', NOW(), '10ef0d22-073f-457e-bd24-78e431a694ea'),
(2, '19b11d4e-197d-448f-bde2-1e22efb124e8', 'ac6912c4-af83-48eb-844b-939548bff5fb', NOW(), '11feba06-21a5-4bc5-ae5b-8a16e2bda9ea'),
(3, '5ffc3303-9c2b-4416-95be-be771b23b12e', '96e5b7c1-6859-4539-86a7-8515a3a12e24', NOW(), '12f8a8dd-370a-4a41-bf3a-c3e4f30d2ab5'),
(4, '79ca473d-0707-4017-ba2e-e3ee3052d8c2', 'af228b39-ef71-46b1-ac92-970d2851f38e', NOW(), '13d6b46d-5cc3-4e98-8621-2e6b4da9ee95'),
(5, 'af07c119-fab4-4203-9915-c665ab7ab314', '56c7fad7-f9f8-4665-a05c-55e77a51f8cf', NOW(), '14d51a1b-303f-43e9-8b5d-5c7d488534a3'),
(6, '1bf8a166-1fea-4e5a-bc4d-b15ceed934af', '000c6480-ff09-489f-88e5-d9a8004e68ce', NOW(), '15de4f3e-b0aa-4c1d-9b1e-4da40767ad66'),
(7, '9635c688-155c-4b2e-b8b7-41da5631d478', '6e6c6704-02d1-4318-b769-c03c60ed365a', NOW(), '16e19b4a-5e71-477f-8d39-4c2d13c66f82'),
(8, 'fd256fd0-dcbe-401a-926c-1151785644f8', 'ac96daf4-c563-4708-9796-9d62cd73ed0a', NOW(), '17b4fca0-f28e-4d80-b7c9-07ad81bfa1cf'),
(9, 'd1bc82b2-1ce9-4c00-971c-4ba6d12637bf', '50b6c348-f418-4d1d-b164-3ab52f2529e4', NOW(), '18f7e17d-7cc9-47af-bc58-1b2ce8b8e07d'),
(10, '3e72901c-1a4c-410a-8f82-3970c530c9df', 'cd47ab00-99f7-4a46-bb4a-a1af261fd688', NOW(), '19b11c14-d729-4eae-bf8b-862d3e28d38a'),
(11, 'd512d5e2-6458-4090-81ee-ab92d87d10ec', '81436de9-3398-4696-a11b-ab89571e590a', NOW(), '1a38d0db-b551-43ac-bc57-187c06c03af1'),
(12, '10e876f4-b857-4135-af9a-9ce8f7b64be2', '21a8bd86-7561-4a8c-99be-6e094450f24c', NOW(), '20f1ee7b-e0f0-4c22-bd2e-d0ee4cfe5a65'),
(13, '8f2de297-3812-4846-92a9-c00547784bfa', '14dc8c7a-685b-4fe0-81d6-231b1d537759', NOW(), '21fb41fe-2169-4a1f-bc24-bb2ff56ce979'),
(14, 'fd3bdc0d-e464-440c-8e79-c8c3add9a18c', '510b5879-6e81-45cd-8be3-d74b47a612b9', NOW(), '22bae6b4-70a7-44bf-8e5e-98bfc5a68964'),
(15, '25c84c1c-025b-4163-bff5-13cd1a6be2cb', 'fc4afe62-02a7-4b1d-b900-f43e31a79a71', NOW(), '23bf0a17-14d2-46a0-8e58-68e4f51310e1'),
(16, '7454c97a-dd6a-41ae-bfde-6abea2e06e60', 'f4d09f5f-baa5-4ba0-8991-75912de1847e', NOW(), '24c8cbf0-06e5-4ac5-bc9a-fb1f3014c8a8'),
(17, '19b11d4e-197d-448f-bde2-1e22efb124e8', 'ac6912c4-af83-48eb-844b-939548bff5fb', NOW(), '25ba8c58-7bd0-4db0-bdd5-9f81b2a725d6'),
(18, '5ffc3303-9c2b-4416-95be-be771b23b12e', '96e5b7c1-6859-4539-86a7-8515a3a12e24', NOW(), '26fc6f23-9b83-475d-97f0-72a7f04b3083'),
(19, '79ca473d-0707-4017-ba2e-e3ee3052d8c2', 'af228b39-ef71-46b1-ac92-970d2851f38e', NOW(), '27d4f46a-55d7-4f54-a144-38c3eb4420e9'),
(20, 'af07c119-fab4-4203-9915-c665ab7ab314', '56c7fad7-f9f8-4665-a05c-55e77a51f8cf', NOW(), '28a1d6bb-9872-4d2c-bca1-80a70c0a4f2a'),
(21, '1bf8a166-1fea-4e5a-bc4d-b15ceed934af', '000c6480-ff09-489f-88e5-d9a8004e68ce', NOW(), '29d52fcf-7d64-4968-8e8c-727dc5251cb0'),
(22, '9635c688-155c-4b2e-b8b7-41da5631d478', '6e6c6704-02d1-4318-b769-c03c60ed365a', NOW(), '2d3f5223-34b0-4318-927e-9c4e18a161d8'),
(23, 'fd256fd0-dcbe-401a-926c-1151785644f8', 'ac96daf4-c563-4708-9796-9d62cd73ed0a', NOW(), '30c74672-7b61-4a47-8360-68da05872b28'),
(24, 'd1bc82b2-1ce9-4c00-971c-4ba6d12637bf', '50b6c348-f418-4d1d-b164-3ab52f2529e4', NOW(), '3f9f45e7-07b2-4db0-83e3-d8f861ba1079'),
(25, '3e72901c-1a4c-410a-8f82-3970c530c9df', 'cd47ab00-99f7-4a46-bb4a-a1af261fd688', NOW(), '4a9a2f55-bab1-4c50-aa8e-1d03aebbd38a'),
(26, 'd512d5e2-6458-4090-81ee-ab92d87d10ec', '81436de9-3398-4696-a11b-ab89571e590a', NOW(), '5c153b6f-179c-4a7e-b8d8-c161f41a2a15'),
(27, '10e876f4-b857-4135-af9a-9ce8f7b64be2', '21a8bd86-7561-4a8c-99be-6e094450f24c', NOW(), '6d1b5c6e-531f-4a7a-8b02-d0ebca407b5f'),
(28, '8f2de297-3812-4846-92a9-c00547784bfa', '14dc8c7a-685b-4fe0-81d6-231b1d537759', NOW(), '7e242059-862d-4ac1-a695-94f68543f7e5'),
(29, 'fd3bdc0d-e464-440c-8e79-c8c3add9a18c', '510b5879-6e81-45cd-8be3-d74b47a612b9', NOW(), '8f8ac88c-00c4-4b2b-bae5-08dbfa887623'),
(30, '25c84c1c-025b-4163-bff5-13cd1a6be2cb', 'fc4afe62-02a7-4b1d-b900-f43e31a79a71', NOW(), '9f15d53e-46ab-45a1-89cc-4cc23ff6eb11');

INSERT INTO groupss (group_id, group_name, created_at, count, permission, privacy) VALUES
('1a73ca67-d184-4e36-8b90-5c1e0470d95a', 'Travel Enthusiasts', NOW(), 50, true, 'Public'),
('2b6d7f2b-c4e5-4c6d-9b3d-5d6111d04cfb', 'Foodies Club', NOW(), 35, false, 'Private'),
('3c4891b5-d933-402d-9c42-b9a3e4daa3cc', 'Fitness Fanatics', NOW(), 45, true, 'Public'),
('4d5f3a87-23c0-4f1d-9245-63d65db154e3', 'Nature Explorers', NOW(), 28, false, 'Private'),
('5e3b9327-b76e-4b79-ba4e-35234c8d1eb8', 'Fashion Lovers', NOW(), 60, true, 'Public'),
('6f6474b1-11e7-475e-af06-937d59310199', 'Artistic Minds', NOW(), 42, false, 'Private'),
('7c813b7b-8823-4e02-bfdf-b8716fb44852', 'Tech Geeks', NOW(), 55, true, 'Public'),
('8d969d93-90bf-42f5-ba57-736501c2ebe3', 'Music Enthusiasts', NOW(), 48, false, 'Private'),
('9e1a67ef-fb12-4d08-b31f-8a70e843b87b', 'Wellness Warriors', NOW(), 38, true, 'Public'),
('10f08b14-61d8-4c3d-b69a-1963d4173e90', 'Adventure Seekers', NOW(), 33, false, 'Private'),
('11e6624c-5043-4e06-9df7-4e58cb78518c', 'Selfie Queens/Kings', NOW(), 25, true, 'Public'),
('12d77b14-1f71-4e08-8d1e-1e493ac2b2c2', 'Coding Wizards', NOW(), 50, false, 'Private'),
('13a3f4d7-6433-4eaf-ae4c-27cb5840f413', 'Throwback Enthusiasts', NOW(), 30, true, 'Public'),
('14b68a02-e12f-4b24-b2e1-b7b0b0e3eace', 'Pet Lovers', NOW(), 40, false, 'Private'),
('15c904a2-1a8c-41a9-bbf7-8ebcc2ad47d8', 'Sunset Chasers', NOW(), 22, true, 'Public'),
('16e2aa0b-bd9a-4f7e-9377-5a4064e7e67c', 'Healthy Living', NOW(), 45, false, 'Private'),
('17f354b2-d4f4-4a4e-81e2-2a49a7e6d23b', 'Mindfulness Matters', NOW(), 32, true, 'Public'),
('18g894c9-34b5-4f89-bf14-598a3fe4d827', 'Bookworms Club', NOW(), 28, false, 'Private'),
('19a2c4f1-25ea-4e76-b891-ae85e54c57e1', 'Coffee Aficionados', NOW(), 50, true, 'Public'),
('20d2e7bd-dde3-4a0c-bc41-144d3b3b6d24', 'DIY Enthusiasts', NOW(), 35, false, 'Private'),
('21f6d1f7-97b9-4f29-a7e2-cb21a4468aa2', 'Motivation Nation', NOW(), 42, true, 'Public'),
('22h8e3b6-0e1c-4e65-b1d6-1b9e2a19cb12', 'Travel Goals', NOW(), 29, false, 'Private'),
('23b8a14d-2e1f-4bc9-aed1-7bf02f6f33f0', 'Photography Club', NOW(), 48, true, 'Public'),
('24c4e17e-76ab-4b23-bef2-590db013d22d', 'Innovation Hub', NOW(), 40, false, 'Private'),
('25g1e6d3-8624-4eb1-99cc-47c6f4b4d92e', 'Mindful Living', NOW(), 30, true, 'Public'),
('26e8d9a1-17e2-4f12-b80f-8917b8cd4e66', 'Adventure Time', NOW(), 36, false, 'Private'),
('27i7a5b6-5cfc-4c9b-aabf-04d0d3353f69', 'Sunrise Seekers', NOW(), 24, true, 'Public'),
('28j8c9d2-92d7-4df9-882f-0d8be65f2bba', 'Tech Innovators', NOW(), 55, false, 'Private'),
('29k9d1c8-87a5-4e5b-b0f2-8c0d4eb051cb', 'Positive Vibes Only', NOW(), 42, true, 'Public'),
('30l8e9a6-45d1-4ebc-bdce-931f8c5c74e3', 'Creative Minds', NOW(), 33, false, 'Private');

INSERT INTO group_members (group_id, user_id, joined_on) VALUES
('10f08b14-61d8-4c3d-b69a-1963d4173e90', '7454c97a-dd6a-41ae-bfde-6abea2e06e60', NOW()),
('11e6624c-5043-4e06-9df7-4e58cb78518c', 'f4d09f5f-baa5-4ba0-8991-75912de1847e', NOW()),
('12d77b14-1f71-4e08-8d1e-1e493ac2b2c2', '19b11d4e-197d-448f-bde2-1e22efb124e8', NOW()),
('13a3f4d7-6433-4eaf-ae4c-27cb5840f413', 'ac6912c4-af83-48eb-844b-939548bff5fb', NOW()),
('14b68a02-e12f-4b24-b2e1-b7b0b0e3eace', '5ffc3303-9c2b-4416-95be-be771b23b12e', NOW()),
('15c904a2-1a8c-41a9-bbf7-8ebcc2ad47d8', '96e5b7c1-6859-4539-86a7-8515a3a12e24', NOW()),
('16e2aa0b-bd9a-4f7e-9377-5a4064e7e67c', '79ca473d-0707-4017-ba2e-e3ee3052d8c2', NOW()),
('17f354b2-d4f4-4a4e-81e2-2a49a7e6d23b', 'af228b39-ef71-46b1-ac92-970d2851f38e', NOW()),
('18g894c9-34b5-4f89-bf14-598a3fe4d827', 'af07c119-fab4-4203-9915-c665ab7ab314', NOW()),
('19a2c4f1-25ea-4e76-b891-ae85e54c57e1', '56c7fad7-f9f8-4665-a05c-55e77a51f8cf', NOW()),
('1a73ca67-d184-4e36-8b90-5c1e0470d95a', '1bf8a166-1fea-4e5a-bc4d-b15ceed934af', NOW()),
('20d2e7bd-dde3-4a0c-bc41-144d3b3b6d24', '000c6480-ff09-489f-88e5-d9a8004e68ce', NOW()),
('21f6d1f7-97b9-4f29-a7e2-cb21a4468aa2', '9635c688-155c-4b2e-b8b7-41da5631d478', NOW()),
('22h8e3b6-0e1c-4e65-b1d6-1b9e2a19cb12', '6e6c6704-02d1-4318-b769-c03c60ed365a', NOW()),
('23b8a14d-2e1f-4bc9-aed1-7bf02f6f33f0', 'fd256fd0-dcbe-401a-926c-1151785644f8', NOW()),
('24c4e17e-76ab-4b23-bef2-590db013d22d', 'ac96daf4-c563-4708-9796-9d62cd73ed0a', NOW()),
('25g1e6d3-8624-4eb1-99cc-47c6f4b4d92e', 'd1bc82b2-1ce9-4c00-971c-4ba6d12637bf', NOW()),
('26e8d9a1-17e2-4f12-b80f-8917b8cd4e66', '50b6c348-f418-4d1d-b164-3ab52f2529e4', NOW()),
('27i7a5b6-5cfc-4c9b-aabf-04d0d3353f69', '3e72901c-1a4c-410a-8f82-3970c530c9df', NOW()),
('28j8c9d2-92d7-4df9-882f-0d8be65f2bba', 'd512d5e2-6458-4090-81ee-ab92d87d10ec', NOW()),
('29k9d1c8-87a5-4e5b-b0f2-8c0d4eb051cb', '81436de9-3398-4696-a11b-ab89571e590a', NOW()),
('2b6d7f2b-c4e5-4c6d-9b3d-5d6111d04cfb', '10e876f4-b857-4135-af9a-9ce8f7b64be2', NOW()),
('30l8e9a6-45d1-4ebc-bdce-931f8c5c74e3', '21a8bd86-7561-4a8c-99be-6e094450f24c', NOW()),
('3c4891b5-d933-402d-9c42-b9a3e4daa3cc', '8f2de297-3812-4846-92a9-c00547784bfa', NOW()),
('4d5f3a87-23c0-4f1d-9245-63d65db154e3', '14dc8c7a-685b-4fe0-81d6-231b1d537759', NOW()),
('5e3b9327-b76e-4b79-ba4e-35234c8d1eb8', 'fd3bdc0d-e464-440c-8e79-c8c3add9a18c', NOW()),
('6f6474b1-11e7-475e-af06-937d59310199', '510b5879-6e81-45cd-8be3-d74b47a612b9', NOW()),
('7c813b7b-8823-4e02-bfdf-b8716fb44852', '25c84c1c-025b-4163-bff5-13cd1a6be2cb', NOW()),
('8d969d93-90bf-42f5-ba57-736501c2ebe3', 'fc4afe62-02a7-4b1d-b900-f43e31a79a71', NOW());

INSERT INTO followers (follower_id, follower_user_id, following_user_id, time_stamp) VALUES
('1', '7454c97a-dd6a-41ae-bfde-6abea2e06e60', 'f4d09f5f-baa5-4ba0-8991-75912de1847e', CURRENT_TIMESTAMP),
('2', 'f4d09f5f-baa5-4ba0-8991-75912de1847e', '19b11d4e-197d-448f-bde2-1e22efb124e8', CURRENT_TIMESTAMP),
('3', '19b11d4e-197d-448f-bde2-1e22efb124e8', 'ac6912c4-af83-48eb-844b-939548bff5fb', CURRENT_TIMESTAMP),
('4', 'ac6912c4-af83-48eb-844b-939548bff5fb', '5ffc3303-9c2b-4416-95be-be771b23b12e', CURRENT_TIMESTAMP),
('5', '5ffc3303-9c2b-4416-95be-be771b23b12e', '96e5b7c1-6859-4539-86a7-8515a3a12e24', CURRENT_TIMESTAMP),
('6', '96e5b7c1-6859-4539-86a7-8515a3a12e24', '79ca473d-0707-4017-ba2e-e3ee3052d8c2', CURRENT_TIMESTAMP),
('7', '79ca473d-0707-4017-ba2e-e3ee3052d8c2', 'af228b39-ef71-46b1-ac92-970d2851f38e', CURRENT_TIMESTAMP),
('8', 'af228b39-ef71-46b1-ac92-970d2851f38e', 'af07c119-fab4-4203-9915-c665ab7ab314', CURRENT_TIMESTAMP),
('9', 'af07c119-fab4-4203-9915-c665ab7ab314', '56c7fad7-f9f8-4665-a05c-55e77a51f8cf', CURRENT_TIMESTAMP),
('10', '56c7fad7-f9f8-4665-a05c-55e77a51f8cf', '1bf8a166-1fea-4e5a-bc4d-b15ceed934af', CURRENT_TIMESTAMP),
('11', '1bf8a166-1fea-4e5a-bc4d-b15ceed934af', '000c6480-ff09-489f-88e5-d9a8004e68ce', CURRENT_TIMESTAMP),
('12', '000c6480-ff09-489f-88e5-d9a8004e68ce', '9635c688-155c-4b2e-b8b7-41da5631d478', CURRENT_TIMESTAMP),
('13', '9635c688-155c-4b2e-b8b7-41da5631d478', '6e6c6704-02d1-4318-b769-c03c60ed365a', CURRENT_TIMESTAMP),
('14', '6e6c6704-02d1-4318-b769-c03c60ed365a', 'fd256fd0-dcbe-401a-926c-1151785644f8', CURRENT_TIMESTAMP),
('15', 'fd256fd0-dcbe-401a-926c-1151785644f8', 'ac96daf4-c563-4708-9796-9d62cd73ed0a', CURRENT_TIMESTAMP),
('16', 'ac96daf4-c563-4708-9796-9d62cd73ed0a', 'd1bc82b2-1ce9-4c00-971c-4ba6d12637bf', CURRENT_TIMESTAMP),
('17', 'd1bc82b2-1ce9-4c00-971c-4ba6d12637bf', '50b6c348-f418-4d1d-b164-3ab52f2529e4', CURRENT_TIMESTAMP),
('18', '50b6c348-f418-4d1d-b164-3ab52f2529e4', '3e72901c-1a4c-410a-8f82-3970c530c9df', CURRENT_TIMESTAMP),
('19', '3e72901c-1a4c-410a-8f82-3970c530c9df', 'cd47ab00-99f7-4a46-bb4a-a1af261fd688', CURRENT_TIMESTAMP),
('20', 'cd47ab00-99f7-4a46-bb4a-a1af261fd688', 'd512d5e2-6458-4090-81ee-ab92d87d10ec', CURRENT_TIMESTAMP),
('21', 'd512d5e2-6458-4090-81ee-ab92d87d10ec', '81436de9-3398-4696-a11b-ab89571e590a', CURRENT_TIMESTAMP),
('22', '81436de9-3398-4696-a11b-ab89571e590a', '10e876f4-b857-4135-af9a-9ce8f7b64be2', CURRENT_TIMESTAMP),
('23', '10e876f4-b857-4135-af9a-9ce8f7b64be2', '21a8bd86-7561-4a8c-99be-6e094450f24c', CURRENT_TIMESTAMP),
('24', '21a8bd86-7561-4a8c-99be-6e094450f24c', '8f2de297-3812-4846-92a9-c00547784bfa', CURRENT_TIMESTAMP),
('25', '8f2de297-3812-4846-92a9-c00547784bfa', '14dc8c7a-685b-4fe0-81d6-231b1d537759', CURRENT_TIMESTAMP),
('26', '14dc8c7a-685b-4fe0-81d6-231b1d537759', 'fd3bdc0d-e464-440c-8e79-c8c3add9a18c', CURRENT_TIMESTAMP),
('27', 'fd3bdc0d-e464-440c-8e79-c8c3add9a18c', '510b5879-6e81-45cd-8be3-d74b47a612b9', CURRENT_TIMESTAMP),
('28', '510b5879-6e81-45cd-8be3-d74b47a612b9', '25c84c1c-025b-4163-bff5-13cd1a6be2cb', CURRENT_TIMESTAMP),
('29', '25c84c1c-025b-4163-bff5-13cd1a6be2cb', 'fc4afe62-02a7-4b1d-b900-f43e31a79a71', CURRENT_TIMESTAMP),
('30', 'fc4afe62-02a7-4b1d-b900-f43e31a79a71', '7454c97a-dd6a-41ae-bfde-6abea2e06e60', CURRENT_TIMESTAMP);

INSERT INTO device (device_id, user_id, device_type, device_name, created_at, is_logged_in, device_token)
VALUES
(1, '7454c97a-dd6a-41ae-bfde-6abea2e06e60', 'Andriod', 'Samsung Galaxy', '2023-01-01 12:00:00', true, 'abc123'),
(2, 'f4d09f5f-baa5-4ba0-8991-75912de1847e', 'iPhone', 'iPhone 12', '2023-01-02 12:30:00', true, 'def456'),
(3, '19b11d4e-197d-448f-bde2-1e22efb124e8', 'Desktop', 'Dell Desktop', '2023-01-03 13:15:00', true, 'ghi789'),
(4, 'ac6912c4-af83-48eb-844b-939548bff5fb', 'Smart Watch', 'Apple Watch', '2023-01-04 14:00:00', true, 'jkl012'),
(5, '5ffc3303-9c2b-4416-95be-be771b23b12e', 'Tablet', 'iPad', '2023-01-05 15:45:00', true, 'mno345'),
(6, '96e5b7c1-6859-4539-86a7-8515a3a12e24', 'Laptop', 'HP Laptop', '2023-01-06 16:30:00', true, 'pqr678'),
(7, '79ca473d-0707-4017-ba2e-e3ee3052d8c2', 'Andriod', 'Google Pixel', '2023-01-07 17:15:00', true, 'stu901'),
(8, 'af228b39-ef71-46b1-ac92-970d2851f38e', 'iPhone', 'iPhone 13', '2023-01-08 18:00:00', true, 'vwx234'),
(9, 'af07c119-fab4-4203-9915-c665ab7ab314', 'Desktop', 'Lenovo Desktop', '2023-01-09 19:45:00', true, 'yza567'),
(10, '56c7fad7-f9f8-4665-a05c-55e77a51f8cf', 'Smart Watch', 'Samsung Watch', '2023-01-10 20:30:00', true, 'bcd890'),
(11, '1bf8a166-1fea-4e5a-bc4d-b15ceed934af', 'Tablet', 'Samsung Tab', '2023-01-11 21:15:00', true, 'efg123'),
(12, '000c6480-ff09-489f-88e5-d9a8004e68ce', 'Laptop', 'Dell Laptop', '2023-01-12 22:00:00', true, 'hij456'),
(13, '9635c688-155c-4b2e-b8b7-41da5631d478', 'Andriod', 'OnePlus', '2023-01-13 22:45:00', true, 'klm789'),
(14, '6e6c6704-02d1-4318-b769-c03c60ed365a', 'iPhone', 'iPhone 11', '2023-01-14 23:30:00', true, 'nop012'),
(15, 'fd256fd0-dcbe-401a-926c-1151785644f8', 'Desktop', 'HP Desktop', '2023-01-15 00:15:00', true, 'pqr345'),
(16, 'ac96daf4-c563-4708-9796-9d62cd73ed0a', 'Smart Watch', 'Fitbit', '2023-01-16 01:00:00', true, 'stu678'),
(17, 'd1bc82b2-1ce9-4c00-971c-4ba6d12637bf', 'Tablet', 'Amazon Fire', '2023-01-17 01:45:00', true, 'vwx901'),
(18, '50b6c348-f418-4d1d-b164-3ab52f2529e4', 'Laptop', 'MacBook Pro', '2023-01-18 02:30:00', true, 'yza234'),
(19, '3e72901c-1a4c-410a-8f82-3970c530c9df', 'Andriod', 'LG Phone', '2023-01-19 03:15:00', true, 'bcd567'),
(20, 'cd47ab00-99f7-4a46-bb4a-a1af261fd688', 'iPhone', 'iPhone SE', '2023-01-20 04:00:00', true, 'efg890');

INSERT INTO block_list (id, blocked_by, blocked_user, created_at)
VALUES
(1, '7454c97a-dd6a-41ae-bfde-6abea2e06e60', 'f4d09f5f-baa5-4ba0-8991-75912de1847e', '2023-01-01 12:00:00'),
(2, '19b11d4e-197d-448f-bde2-1e22efb124e8', 'ac6912c4-af83-48eb-844b-939548bff5fb', '2023-01-02 12:30:00'),
(3, '5ffc3303-9c2b-4416-95be-be771b23b12e', '96e5b7c1-6859-4539-86a7-8515a3a12e24', '2023-01-03 13:15:00'),
(4, '79ca473d-0707-4017-ba2e-e3ee3052d8c2', 'af228b39-ef71-46b1-ac92-970d2851f38e', '2023-01-04 14:00:00'),
(5, 'af07c119-fab4-4203-9915-c665ab7ab314', '56c7fad7-f9f8-4665-a05c-55e77a51f8cf', '2023-01-05 14:45:00'),
(6, '1bf8a166-1fea-4e5a-bc4d-b15ceed934af', '000c6480-ff09-489f-88e5-d9a8004e68ce', '2023-01-06 15:30:00'),
(7, '9635c688-155c-4b2e-b8b7-41da5631d478', '6e6c6704-02d1-4318-b769-c03c60ed365a', '2023-01-07 16:15:00'),
(8, 'fd256fd0-dcbe-401a-926c-1151785644f8', 'ac96daf4-c563-4708-9796-9d62cd73ed0a', '2023-01-08 17:00:00'),
(9, 'd1bc82b2-1ce9-4c00-971c-4ba6d12637bf', '50b6c348-f418-4d1d-b164-3ab52f2529e4', '2023-01-09 17:45:00'),
(10, '3e72901c-1a4c-410a-8f82-3970c530c9df', 'cd47ab00-99f7-4a46-bb4a-a1af261fd688', '2023-01-10 18:30:00'),
(11, 'd512d5e2-6458-4090-81ee-ab92d87d10ec', '81436de9-3398-4696-a11b-ab89571e590a', '2023-01-11 19:15:00'),
(12, '10e876f4-b857-4135-af9a-9ce8f7b64be2', '21a8bd86-7561-4a8c-99be-6e094450f24c', '2023-01-12 20:00:00'),
(13, '8f2de297-3812-4846-92a9-c00547784bfa', '14dc8c7a-685b-4fe0-81d6-231b1d537759', '2023-01-13 20:45:00'),
(14, 'fd3bdc0d-e464-440c-8e79-c8c3add9a18c', '510b5879-6e81-45cd-8be3-d74b47a612b9', '2023-01-14 21:30:00'),
(15, '25c84c1c-025b-4163-bff5-13cd1a6be2cb', 'fc4afe62-02a7-4b1d-b900-f43e31a79a71', '2023-01-15 22:15:00'),
(16, '7454c97a-dd6a-41ae-bfde-6abea2e06e60', 'f4d09f5f-baa5-4ba0-8991-75912de1847e', '2023-01-16 23:00:00'),
(17, '19b11d4e-197d-448f-bde2-1e22efb124e8', 'ac6912c4-af83-48eb-844b-939548bff5fb', '2023-01-17 23:45:00'),
(18, '5ffc3303-9c2b-4416-95be-be771b23b12e', '96e5b7c1-6859-4539-86a7-8515a3a12e24', '2023-01-18 00:30:00'),
(19, '79ca473d-0707-4017-ba2e-e3ee3052d8c2', 'af228b39-ef71-46b1-ac92-970d2851f38e', '2023-01-19 01:15:00'),
(20, 'af07c119-fab4-4203-9915-c665ab7ab314', '56c7fad7-f9f8-4665-a05c-55e77a51f8cf', '2023-01-20 02:00:00');
